county_month_id,county_id,month,fte,fte_approximated,region_id
1,1,2012-06-15,1,0,11
2,1,2012-07-15,1,1,11
3,1,2012-08-15,1,0,11
4,1,2012-09-15,0.5,0,11
5,1,2012-10-15,1,0,11
6,1,2012-11-15,1,1,11
7,1,2012-12-15,1,0,11
8,1,2013-01-15,1,0,11
9,1,2013-02-15,1,0,11
10,1,2013-03-15,0.5,0,11
11,1,2013-04-15,0.6684782608695652,1,11
12,1,2013-05-15,0.8315217391304348,1,11
13,1,2013-06-15,1,0,11
14,1,2013-07-15,0,0,11
15,1,2013-08-15,0,0,11
16,1,2013-09-15,0,0,11
17,1,2013-10-15,0,0,11
18,1,2013-11-15,0,1,11
19,1,2013-12-15,0,0,11
20,1,2014-01-15,0,0,11
21,1,2014-02-15,0,0,11
22,1,2014-03-15,0,0,11
23,1,2014-04-15,0,0,11
24,1,2014-05-15,0,0,11
25,1,2014-06-15,0,0,11
26,1,2014-07-15,0,0,11
27,1,2014-08-15,0,0,11
28,1,2014-09-15,0,0,11
29,1,2014-10-15,0,0,11
30,1,2014-11-15,0,0,11
31,1,2014-12-15,0,0,11
32,1,2015-01-15,0,0,11
33,1,2015-02-15,0,0,11
34,1,2015-03-15,0,0,11
35,1,2015-04-15,0,0,11
36,1,2015-05-15,0,0,11
37,1,2015-06-15,1,0,11
38,1,2015-07-15,0.5,0,11
39,1,2015-08-15,1,0,11
40,1,2015-09-15,1,0,11
41,2,2012-06-15,0,0,15
42,2,2012-07-15,0,1,15
43,2,2012-08-15,0,0,15
44,2,2012-09-15,0,0,15
45,2,2012-10-15,0,0,15
46,2,2012-11-15,0,1,15
47,2,2012-12-15,0,0,15
48,2,2013-01-15,0,0,15
49,2,2013-02-15,0,0,15
50,2,2013-03-15,0,0,15
51,2,2013-04-15,0,1,15
52,2,2013-05-15,0,1,15
53,2,2013-06-15,0,0,15
54,2,2013-07-15,0,0,15
55,2,2013-08-15,0,0,15
56,2,2013-09-15,0,0,15
57,2,2013-10-15,0,0,15
58,2,2013-11-15,0,1,15
59,2,2013-12-15,0,0,15
60,2,2014-01-15,0,0,15
61,2,2014-02-15,0,0,15
62,2,2014-03-15,0,0,15
63,2,2014-04-15,0,0,15
64,2,2014-05-15,0,0,15
65,2,2014-06-15,0,0,15
66,2,2014-07-15,0,0,15
67,2,2014-08-15,1,0,15
68,2,2014-09-15,1,0,15
69,2,2014-10-15,1,0,15
70,2,2014-11-15,1,0,15
71,2,2014-12-15,1,0,15
72,2,2015-01-15,1,0,15
73,2,2015-02-15,1,0,15
74,2,2015-03-15,1,0,15
75,2,2015-04-15,1,0,15
76,2,2015-05-15,0.5,0,15
77,2,2015-06-15,1,0,15
78,2,2015-07-15,1,0,15
79,2,2015-08-15,1,0,15
80,2,2015-09-15,1,0,15
81,3,2012-06-15,0,0,4
82,3,2012-07-15,0,1,4
83,3,2012-08-15,0,0,4
84,3,2012-09-15,0,0,4
85,3,2012-10-15,0,0,4
86,3,2012-11-15,0.5081967213114754,1,4
87,3,2012-12-15,1,0,4
88,3,2013-01-15,1,0,4
89,3,2013-02-15,1,0,4
90,3,2013-03-15,1,0,4
91,3,2013-04-15,1,1,4
92,3,2013-05-15,1,1,4
93,3,2013-06-15,1,0,4
94,3,2013-07-15,1,0,4
95,3,2013-08-15,1,0,4
96,3,2013-09-15,1,0,4
97,3,2013-10-15,1,0,4
98,3,2013-11-15,1,1,4
99,3,2013-12-15,1,0,4
100,3,2014-01-15,1,0,4
101,3,2014-02-15,1,0,4
102,3,2014-03-15,1,0,4
103,3,2014-04-15,1,0,4
104,3,2014-05-15,1,0,4
105,3,2014-06-15,1,0,4
106,3,2014-07-15,1,0,4
107,3,2014-08-15,1,0,4
108,3,2014-09-15,1,0,4
109,3,2014-10-15,1,0,4
110,3,2014-11-15,0.5,0,4
111,3,2014-12-15,1,0,4
112,3,2015-01-15,1,0,4
113,3,2015-02-15,1,0,4
114,3,2015-03-15,1,0,4
115,3,2015-04-15,1,0,4
116,3,2015-05-15,1,0,4
117,3,2015-06-15,1,0,4
118,3,2015-07-15,0,0,4
119,3,2015-08-15,0,0,4
120,3,2015-09-15,0,0,4
121,4,2012-06-15,0,0,2
122,4,2012-07-15,0,1,2
123,4,2012-08-15,0,0,2
124,4,2012-09-15,0,0,2
125,4,2012-10-15,0,0,2
126,4,2012-11-15,0,1,2
127,4,2012-12-15,0,0,2
128,4,2013-01-15,0,0,2
129,4,2013-02-15,0,0,2
130,4,2013-03-15,0,0,2
131,4,2013-04-15,0,1,2
132,4,2013-05-15,0,1,2
133,4,2013-06-15,0,0,2
134,4,2013-07-15,0,0,2
135,4,2013-08-15,0,0,2
136,4,2013-09-15,0,0,2
137,4,2013-10-15,0,0,2
138,4,2013-11-15,0,1,2
139,4,2013-12-15,0,0,2
140,4,2014-01-15,0,0,2
141,4,2014-02-15,0,0,2
142,4,2014-03-15,0,0,2
143,4,2014-04-15,0,0,2
144,4,2014-05-15,0,0,2
145,4,2014-06-15,0,0,2
146,4,2014-07-15,0,0,2
147,4,2014-08-15,1,0,2
148,4,2014-09-15,1,0,2
149,4,2014-10-15,1,0,2
150,4,2014-11-15,1,0,2
151,4,2014-12-15,1,0,2
152,4,2015-01-15,1,0,2
153,4,2015-02-15,1,0,2
154,4,2015-03-15,1,0,2
155,4,2015-04-15,1,0,2
156,4,2015-05-15,1,0,2
157,4,2015-06-15,1,0,2
158,4,2015-07-15,1,0,2
159,4,2015-08-15,1,0,2
160,4,2015-09-15,1,0,2
161,5,2012-06-15,0,0,14
162,5,2012-07-15,0,1,14
163,5,2012-08-15,0,0,14
164,5,2012-09-15,0,0,14
165,5,2012-10-15,0,0,14
166,5,2012-11-15,0,1,14
167,5,2012-12-15,0,0,14
168,5,2013-01-15,0,0,14
169,5,2013-02-15,0,0,14
170,5,2013-03-15,0,0,14
171,5,2013-04-15,0,1,14
172,5,2013-05-15,0,1,14
173,5,2013-06-15,0,0,14
174,5,2013-07-15,0,0,14
175,5,2013-08-15,0,0,14
176,5,2013-09-15,0,0,14
177,5,2013-10-15,0,0,14
178,5,2013-11-15,0,1,14
179,5,2013-12-15,0,0,14
180,5,2014-01-15,0,0,14
181,5,2014-02-15,0,0,14
182,5,2014-03-15,0,0,14
183,5,2014-04-15,0,0,14
184,5,2014-05-15,0,0,14
185,5,2014-06-15,0,0,14
186,5,2014-07-15,0,0,14
187,5,2014-08-15,0,0,14
188,5,2014-09-15,0,0,14
189,5,2014-10-15,0,0,14
190,5,2014-11-15,0,0,14
191,5,2014-12-15,0,0,14
192,5,2015-01-15,0,0,14
193,5,2015-02-15,0,0,14
194,5,2015-03-15,0,0,14
195,5,2015-04-15,0,0,14
196,5,2015-05-15,0,0,14
197,5,2015-06-15,0,0,14
198,5,2015-07-15,0,0,14
199,5,2015-08-15,0,0,14
200,5,2015-09-15,0,0,14
201,6,2012-06-15,1,0,1
202,6,2012-07-15,1,1,1
203,6,2012-08-15,1,0,1
204,6,2012-09-15,1,0,1
205,6,2012-10-15,1,0,1
206,6,2012-11-15,1,1,1
207,6,2012-12-15,1,0,1
208,6,2013-01-15,1,0,1
209,6,2013-02-15,1,0,1
210,6,2013-03-15,1,0,1
211,6,2013-04-15,1,1,1
212,6,2013-05-15,1,1,1
213,6,2013-06-15,1,0,1
214,6,2013-07-15,1,0,1
215,6,2013-08-15,1,0,1
216,6,2013-09-15,1,0,1
217,6,2013-10-15,1,0,1
218,6,2013-11-15,0.7459016393442623,1,1
219,6,2013-12-15,0.5,0,1
220,6,2014-01-15,1,0,1
221,6,2014-02-15,1,0,1
222,6,2014-03-15,1,0,1
223,6,2014-04-15,0.76,0,1
224,6,2014-05-15,1,0,1
225,6,2014-06-15,2,0,1
226,6,2014-07-15,2,0,1
227,6,2014-08-15,1.76,0,1
228,6,2014-09-15,2,0,1
229,6,2014-10-15,2,0,1
230,6,2014-11-15,0.76,0,1
231,6,2014-12-15,1,0,1
232,6,2015-01-15,1,0,1
233,6,2015-02-15,1,0,1
234,6,2015-03-15,1,0,1
235,6,2015-04-15,1,0,1
236,6,2015-05-15,1,0,1
237,6,2015-06-15,1,0,1
238,6,2015-07-15,0.5,0,1
239,6,2015-08-15,1,0,1
240,6,2015-09-15,1,0,1
241,7,2012-06-15,3,0,6
242,7,2012-07-15,2.7540983606557377,1,6
243,7,2012-08-15,2.5,0,6
244,7,2012-09-15,3,0,6
245,7,2012-10-15,2.5,0,6
246,7,2012-11-15,2.5,1,6
247,7,2012-12-15,2.5,0,6
248,7,2013-01-15,3,0,6
249,7,2013-02-15,2.26,0,6
250,7,2013-03-15,2.76,0,6
251,7,2013-04-15,2.840869565217391,1,6
252,7,2013-05-15,2.9191304347826086,1,6
253,7,2013-06-15,3,0,6
254,7,2013-07-15,3,0,6
255,7,2013-08-15,3,0,6
256,7,2013-09-15,2.5,0,6
257,7,2013-10-15,3,0,6
258,7,2013-11-15,3,1,6
259,7,2013-12-15,3,0,6
260,7,2014-01-15,2.26,0,6
261,7,2014-02-15,3,0,6
262,7,2014-03-15,3,0,6
263,7,2014-04-15,0.5,0,6
264,7,2014-05-15,1,0,6
265,7,2014-06-15,1,0,6
266,7,2014-07-15,1,0,6
267,7,2014-08-15,1,0,6
268,7,2014-09-15,1,0,6
269,7,2014-10-15,3,0,6
270,7,2014-11-15,2.5,0,6
271,7,2014-12-15,3,0,6
272,7,2015-01-15,3,0,6
273,7,2015-02-15,3,0,6
274,7,2015-03-15,2,0,6
275,7,2015-04-15,2,0,6
276,7,2015-05-15,3,0,6
277,7,2015-06-15,2,0,6
278,7,2015-07-15,1.5,0,6
279,7,2015-08-15,2,0,6
280,7,2015-09-15,1.5,0,6
281,8,2012-06-15,1,0,17
282,8,2012-07-15,1,1,17
283,8,2012-08-15,1,0,17
284,8,2012-09-15,1,0,17
285,8,2012-10-15,1,0,17
286,8,2012-11-15,1.5081967213114753,1,17
287,8,2012-12-15,2,0,17
288,8,2013-01-15,1,0,17
289,8,2013-02-15,2,0,17
290,8,2013-03-15,2,0,17
291,8,2013-04-15,2,1,17
292,8,2013-05-15,2,1,17
293,8,2013-06-15,2,0,17
294,8,2013-07-15,1.76,0,17
295,8,2013-08-15,1.5,0,17
296,8,2013-09-15,2,0,17
297,8,2013-10-15,2,0,17
298,8,2013-11-15,2,1,17
299,8,2013-12-15,2,0,17
300,8,2014-01-15,2,0,17
301,8,2014-02-15,1,0,17
302,8,2014-03-15,2,0,17
303,8,2014-04-15,0,0,17
304,8,2014-05-15,0,0,17
305,8,2014-06-15,0.5,0,17
306,8,2014-07-15,2,0,17
307,8,2014-08-15,1,0,17
308,8,2014-09-15,1,0,17
309,8,2014-10-15,1,0,17
310,8,2014-11-15,1,0,17
311,8,2014-12-15,1,0,17
312,8,2015-01-15,1,0,17
313,8,2015-02-15,1,0,17
314,8,2015-03-15,1,0,17
315,8,2015-04-15,1,0,17
316,8,2015-05-15,1,0,17
317,8,2015-06-15,1,0,17
318,8,2015-07-15,1,0,17
319,8,2015-08-15,1,0,17
320,8,2015-09-15,1,0,17
321,9,2012-06-15,3.26,0,10
322,9,2012-07-15,3.1321311475409837,1,10
323,9,2012-08-15,3,0,10
324,9,2012-09-15,3,0,10
325,9,2012-10-15,3,0,10
326,9,2012-11-15,3,1,10
327,9,2012-12-15,3,0,10
328,9,2013-01-15,2.5,0,10
329,9,2013-02-15,3,0,10
330,9,2013-03-15,2,0,10
331,9,2013-04-15,2.3369565217391304,1,10
332,9,2013-05-15,2.6630434782608696,1,10
333,9,2013-06-15,3,0,10
334,9,2013-07-15,3,0,10
335,9,2013-08-15,3,0,10
336,9,2013-09-15,2.5,0,10
337,9,2013-10-15,3,0,10
338,9,2013-11-15,3,1,10
339,9,2013-12-15,3,0,10
340,9,2014-01-15,3,0,10
341,9,2014-02-15,3,0,10
342,9,2014-03-15,3,0,10
343,9,2014-04-15,2.5,0,10
344,9,2014-05-15,2,0,10
345,9,2014-06-15,2,0,10
346,9,2014-07-15,2,0,10
347,9,2014-08-15,3,0,10
348,9,2014-09-15,2.26,0,10
349,9,2014-10-15,3,0,10
350,9,2014-11-15,3,0,10
351,9,2014-12-15,2.5,0,10
352,9,2015-01-15,2.5,0,10
353,9,2015-02-15,2.76,0,10
354,9,2015-03-15,3,0,10
355,9,2015-04-15,3,0,10
356,9,2015-05-15,2.76,0,10
357,9,2015-06-15,3,0,10
358,9,2015-07-15,2.5,0,10
359,9,2015-08-15,3,0,10
360,9,2015-09-15,1.5,0,10
361,10,2012-06-15,2,0,12
362,10,2012-07-15,2,1,12
363,10,2012-08-15,2,0,12
364,10,2012-09-15,2,0,12
365,10,2012-10-15,2,0,12
366,10,2012-11-15,2,1,12
367,10,2012-12-15,2,0,12
368,10,2013-01-15,2,0,12
369,10,2013-02-15,2,0,12
370,10,2013-03-15,2,0,12
371,10,2013-04-15,2,1,12
372,10,2013-05-15,2,1,12
373,10,2013-06-15,2,0,12
374,10,2013-07-15,2,0,12
375,10,2013-08-15,2,0,12
376,10,2013-09-15,2,0,12
377,10,2013-10-15,2,0,12
378,10,2013-11-15,1.7459016393442623,1,12
379,10,2013-12-15,1.5,0,12
380,10,2014-01-15,2,0,12
381,10,2014-02-15,2,0,12
382,10,2014-03-15,1.76,0,12
383,10,2014-04-15,2,0,12
384,10,2014-05-15,2,0,12
385,10,2014-06-15,2,0,12
386,10,2014-07-15,2,0,12
387,10,2014-08-15,1.5,0,12
388,10,2014-09-15,2,0,12
389,10,2014-10-15,2,0,12
390,10,2014-11-15,2,0,12
391,10,2014-12-15,2,0,12
392,10,2015-01-15,2,0,12
393,10,2015-02-15,2,0,12
394,10,2015-03-15,1.76,0,12
395,10,2015-04-15,1.5,0,12
396,10,2015-05-15,2,0,12
397,10,2015-06-15,0.5,0,12
398,10,2015-07-15,0.5,0,12
399,10,2015-08-15,1,0,12
400,10,2015-09-15,1,0,12
401,11,2012-06-15,2,0,18
402,11,2012-07-15,2,1,18
403,11,2012-08-15,2,0,18
404,11,2012-09-15,2,0,18
405,11,2012-10-15,2,0,18
406,11,2012-11-15,2,1,18
407,11,2012-12-15,2,0,18
408,11,2013-01-15,1.76,0,18
409,11,2013-02-15,2,0,18
410,11,2013-03-15,2,0,18
411,11,2013-04-15,2,1,18
412,11,2013-05-15,2,1,18
413,11,2013-06-15,2,0,18
414,11,2013-07-15,2,0,18
415,11,2013-08-15,2,0,18
416,11,2013-09-15,2,0,18
417,11,2013-10-15,2,0,18
418,11,2013-11-15,2,1,18
419,11,2013-12-15,2,0,18
420,11,2014-01-15,2,0,18
421,11,2014-02-15,2,0,18
422,11,2014-03-15,2,0,18
423,11,2014-04-15,2,0,18
424,11,2014-05-15,2,0,18
425,11,2014-06-15,2,0,18
426,11,2014-07-15,2,0,18
427,11,2014-08-15,2,0,18
428,11,2014-09-15,2,0,18
429,11,2014-10-15,2,0,18
430,11,2014-11-15,1.5,0,18
431,11,2014-12-15,1.5,0,18
432,11,2015-01-15,2,0,18
433,11,2015-02-15,2,0,18
434,11,2015-03-15,2,0,18
435,11,2015-04-15,2,0,18
436,11,2015-05-15,1.76,0,18
437,11,2015-06-15,2,0,18
438,11,2015-07-15,2,0,18
439,11,2015-08-15,1.5,0,18
440,11,2015-09-15,2,0,18
441,12,2012-06-15,1,0,6
442,12,2012-07-15,1,1,6
443,12,2012-08-15,1,0,6
444,12,2012-09-15,1,0,6
445,12,2012-10-15,1,0,6
446,12,2012-11-15,1,1,6
447,12,2012-12-15,1,0,6
448,12,2013-01-15,1,0,6
449,12,2013-02-15,1,0,6
450,12,2013-03-15,1,0,6
451,12,2013-04-15,1,1,6
452,12,2013-05-15,1,1,6
453,12,2013-06-15,1,0,6
454,12,2013-07-15,1,0,6
455,12,2013-08-15,1,0,6
456,12,2013-09-15,1,0,6
457,12,2013-10-15,1,0,6
458,12,2013-11-15,1,1,6
459,12,2013-12-15,1,0,6
460,12,2014-01-15,1,0,6
461,12,2014-02-15,0.5,0,6
462,12,2014-03-15,1,0,6
463,12,2014-04-15,1,0,6
464,12,2014-05-15,1,0,6
465,12,2014-06-15,1,0,6
466,12,2014-07-15,1,0,6
467,12,2014-08-15,1,0,6
468,12,2014-09-15,1,0,6
469,12,2014-10-15,1,0,6
470,12,2014-11-15,1,0,6
471,12,2014-12-15,1,0,6
472,12,2015-01-15,1,0,6
473,12,2015-02-15,0.5,0,6
474,12,2015-03-15,1,0,6
475,12,2015-04-15,1,0,6
476,12,2015-05-15,1,0,6
477,12,2015-06-15,1,0,6
478,12,2015-07-15,0.5,0,6
479,12,2015-08-15,1,0,6
480,12,2015-09-15,0.5,0,6
481,13,2012-06-15,0,0,2
482,13,2012-07-15,0,1,2
483,13,2012-08-15,0,0,2
484,13,2012-09-15,0,0,2
485,13,2012-10-15,0,0,2
486,13,2012-11-15,0,1,2
487,13,2012-12-15,0,0,2
488,13,2013-01-15,0,0,2
489,13,2013-02-15,0,0,2
490,13,2013-03-15,0,0,2
491,13,2013-04-15,0,1,2
492,13,2013-05-15,0,1,2
493,13,2013-06-15,0,0,2
494,13,2013-07-15,0,0,2
495,13,2013-08-15,0,0,2
496,13,2013-09-15,0,0,2
497,13,2013-10-15,0,0,2
498,13,2013-11-15,0,1,2
499,13,2013-12-15,0,0,2
500,13,2014-01-15,0,0,2
501,13,2014-02-15,0,0,2
502,13,2014-03-15,0,0,2
503,13,2014-04-15,0,0,2
504,13,2014-05-15,0,0,2
505,13,2014-06-15,0,0,2
506,13,2014-07-15,0,0,2
507,13,2014-08-15,1,0,2
508,13,2014-09-15,1,0,2
509,13,2014-10-15,1,0,2
510,13,2014-11-15,0.5,0,2
511,13,2014-12-15,1,0,2
512,13,2015-01-15,1,0,2
513,13,2015-02-15,1,0,2
514,13,2015-03-15,1,0,2
515,13,2015-04-15,1,0,2
516,13,2015-05-15,1,0,2
517,13,2015-06-15,1,0,2
518,13,2015-07-15,1,0,2
519,13,2015-08-15,1,0,2
520,13,2015-09-15,1,0,2
521,14,2012-06-15,8,0,7
522,14,2012-07-15,7.881967213114754,1,7
523,14,2012-08-15,7.76,0,7
524,14,2012-09-15,7.26,0,7
525,14,2012-10-15,8,0,7
526,14,2012-11-15,8.508196721311476,1,7
527,14,2012-12-15,9,0,7
528,14,2013-01-15,9,0,7
529,14,2013-02-15,8.26,0,7
530,14,2013-03-15,9,0,7
531,14,2013-04-15,8.66304347826087,1,7
532,14,2013-05-15,8.33695652173913,1,7
533,14,2013-06-15,8,0,7
534,14,2013-07-15,7,0,7
535,14,2013-08-15,7.5,0,7
536,14,2013-09-15,7.5,0,7
537,14,2013-10-15,8,0,7
538,14,2013-11-15,8,1,7
539,14,2013-12-15,8,0,7
540,14,2014-01-15,8,0,7
541,14,2014-02-15,8,0,7
542,14,2014-03-15,8,0,7
543,14,2014-04-15,7.5,0,7
544,14,2014-05-15,7.5,0,7
545,14,2014-06-15,7.52,0,7
546,14,2014-07-15,8,0,7
547,14,2014-08-15,7.5,0,7
548,14,2014-09-15,7.26,0,7
549,14,2014-10-15,6.76,0,7
550,14,2014-11-15,7,0,7
551,14,2014-12-15,8,0,7
552,14,2015-01-15,8,0,7
553,14,2015-02-15,8,0,7
554,14,2015-03-15,7.76,0,7
555,14,2015-04-15,8,0,7
556,14,2015-05-15,7.5,0,7
557,14,2015-06-15,8,0,7
558,14,2015-07-15,8,0,7
559,14,2015-08-15,7.5,0,7
560,14,2015-09-15,7,0,7
561,15,2012-06-15,1,0,4
562,15,2012-07-15,1,1,4
563,15,2012-08-15,1,0,4
564,15,2012-09-15,1,0,4
565,15,2012-10-15,1,0,4
566,15,2012-11-15,1,1,4
567,15,2012-12-15,1,0,4
568,15,2013-01-15,1,0,4
569,15,2013-02-15,1,0,4
570,15,2013-03-15,1,0,4
571,15,2013-04-15,1,1,4
572,15,2013-05-15,1,1,4
573,15,2013-06-15,1,0,4
574,15,2013-07-15,1,0,4
575,15,2013-08-15,1,0,4
576,15,2013-09-15,0.5,0,4
577,15,2013-10-15,1,0,4
578,15,2013-11-15,1,1,4
579,15,2013-12-15,1,0,4
580,15,2014-01-15,1,0,4
581,15,2014-02-15,1,0,4
582,15,2014-03-15,1,0,4
583,15,2014-04-15,1,0,4
584,15,2014-05-15,1,0,4
585,15,2014-06-15,1,0,4
586,15,2014-07-15,1,0,4
587,15,2014-08-15,2,0,4
588,15,2014-09-15,2,0,4
589,15,2014-10-15,2,0,4
590,15,2014-11-15,2,0,4
591,15,2014-12-15,1.5,0,4
592,15,2015-01-15,2,0,4
593,15,2015-02-15,2,0,4
594,15,2015-03-15,1.5,0,4
595,15,2015-04-15,2,0,4
596,15,2015-05-15,2,0,4
597,15,2015-06-15,2,0,4
598,15,2015-07-15,1.5,0,4
599,15,2015-08-15,2,0,4
600,15,2015-09-15,2,0,4
601,16,2012-06-15,0,0,17
602,16,2012-07-15,0.4918032786885246,1,17
603,16,2012-08-15,1,0,17
604,16,2012-09-15,0,0,17
605,16,2012-10-15,0,0,17
606,16,2012-11-15,0.7622950819672132,1,17
607,16,2012-12-15,1.5,0,17
608,16,2013-01-15,1.5,0,17
609,16,2013-02-15,2,0,17
610,16,2013-03-15,2,0,17
611,16,2013-04-15,1.8315217391304348,1,17
612,16,2013-05-15,1.6684782608695652,1,17
613,16,2013-06-15,1.5,0,17
614,16,2013-07-15,2,0,17
615,16,2013-08-15,1.5,0,17
616,16,2013-09-15,2,0,17
617,16,2013-10-15,2,0,17
618,16,2013-11-15,2,1,17
619,16,2013-12-15,2,0,17
620,16,2014-01-15,0.5,0,17
621,16,2014-02-15,1,0,17
622,16,2014-03-15,1,0,17
623,16,2014-04-15,1,0,17
624,16,2014-05-15,1,0,17
625,16,2014-06-15,1.5,0,17
626,16,2014-07-15,2,0,17
627,16,2014-08-15,3,0,17
628,16,2014-09-15,3,0,17
629,16,2014-10-15,3,0,17
630,16,2014-11-15,2.5,0,17
631,16,2014-12-15,2.5,0,17
632,16,2015-01-15,3,0,17
633,16,2015-02-15,2.26,0,17
634,16,2015-03-15,3,0,17
635,16,2015-04-15,2,0,17
636,16,2015-05-15,3,0,17
637,16,2015-06-15,3,0,17
638,16,2015-07-15,2,0,17
639,16,2015-08-15,3,0,17
640,16,2015-09-15,2,0,17
641,17,2012-06-15,0,0,17
642,17,2012-07-15,0,1,17
643,17,2012-08-15,0,0,17
644,17,2012-09-15,0,0,17
645,17,2012-10-15,0,0,17
646,17,2012-11-15,0,1,17
647,17,2012-12-15,0,0,17
648,17,2013-01-15,0,0,17
649,17,2013-02-15,0,0,17
650,17,2013-03-15,0,0,17
651,17,2013-04-15,0,1,17
652,17,2013-05-15,0,1,17
653,17,2013-06-15,0,0,17
654,17,2013-07-15,0,0,17
655,17,2013-08-15,0,0,17
656,17,2013-09-15,0,0,17
657,17,2013-10-15,0,0,17
658,17,2013-11-15,0,1,17
659,17,2013-12-15,0,0,17
660,17,2014-01-15,0,0,17
661,17,2014-02-15,0,0,17
662,17,2014-03-15,0,0,17
663,17,2014-04-15,0,0,17
664,17,2014-05-15,0,0,17
665,17,2014-06-15,0,0,17
666,17,2014-07-15,0,0,17
667,17,2014-08-15,1,0,17
668,17,2014-09-15,1,0,17
669,17,2014-10-15,1,0,17
670,17,2014-11-15,1,0,17
671,17,2014-12-15,1,0,17
672,17,2015-01-15,1,0,17
673,17,2015-02-15,1,0,17
674,17,2015-03-15,1,0,17
675,17,2015-04-15,1,0,17
676,17,2015-05-15,1,0,17
677,17,2015-06-15,1,0,17
678,17,2015-07-15,1,0,17
679,17,2015-08-15,1,0,17
680,17,2015-09-15,1,0,17
681,18,2012-06-15,1,0,18
682,18,2012-07-15,0.5081967213114754,1,18
683,18,2012-08-15,0,0,18
684,18,2012-09-15,1,0,18
685,18,2012-10-15,1,0,18
686,18,2012-11-15,1,1,18
687,18,2012-12-15,1,0,18
688,18,2013-01-15,1,0,18
689,18,2013-02-15,1,0,18
690,18,2013-03-15,1,0,18
691,18,2013-04-15,1,1,18
692,18,2013-05-15,1,1,18
693,18,2013-06-15,1,0,18
694,18,2013-07-15,0.5,0,18
695,18,2013-08-15,1,0,18
696,18,2013-09-15,1,0,18
697,18,2013-10-15,1,0,18
698,18,2013-11-15,1,1,18
699,18,2013-12-15,1,0,18
700,18,2014-01-15,1,0,18
701,18,2014-02-15,1,0,18
702,18,2014-03-15,1,0,18
703,18,2014-04-15,1,0,18
704,18,2014-05-15,1,0,18
705,18,2014-06-15,1,0,18
706,18,2014-07-15,1,0,18
707,18,2014-08-15,1,0,18
708,18,2014-09-15,1,0,18
709,18,2014-10-15,1,0,18
710,18,2014-11-15,0.76,0,18
711,18,2014-12-15,1,0,18
712,18,2015-01-15,1,0,18
713,18,2015-02-15,1,0,18
714,18,2015-03-15,1,0,18
715,18,2015-04-15,1,0,18
716,18,2015-05-15,1,0,18
717,18,2015-06-15,1,0,18
718,18,2015-07-15,1,0,18
719,18,2015-08-15,1,0,18
720,18,2015-09-15,1,0,18
721,19,2012-06-15,2,0,1
722,19,2012-07-15,2,1,1
723,19,2012-08-15,2,0,1
724,19,2012-09-15,2,0,1
725,19,2012-10-15,2,0,1
726,19,2012-11-15,2,1,1
727,19,2012-12-15,2,0,1
728,19,2013-01-15,2,0,1
729,19,2013-02-15,2,0,1
730,19,2013-03-15,2,0,1
731,19,2013-04-15,2,1,1
732,19,2013-05-15,2,1,1
733,19,2013-06-15,2,0,1
734,19,2013-07-15,2,0,1
735,19,2013-08-15,2,0,1
736,19,2013-09-15,2,0,1
737,19,2013-10-15,2,0,1
738,19,2013-11-15,1.878032786885246,1,1
739,19,2013-12-15,1.76,0,1
740,19,2014-01-15,2,0,1
741,19,2014-02-15,2,0,1
742,19,2014-03-15,2,0,1
743,19,2014-04-15,1.5,0,1
744,19,2014-05-15,2,0,1
745,19,2014-06-15,2,0,1
746,19,2014-07-15,1.5,0,1
747,19,2014-08-15,2,0,1
748,19,2014-09-15,2,0,1
749,19,2014-10-15,1.5,0,1
750,19,2014-11-15,2,0,1
751,19,2014-12-15,1.5,0,1
752,19,2015-01-15,2,0,1
753,19,2015-02-15,2,0,1
754,19,2015-03-15,1.76,0,1
755,19,2015-04-15,1,0,1
756,19,2015-05-15,1,0,1
757,19,2015-06-15,1,0,1
758,19,2015-07-15,1,0,1
759,19,2015-08-15,1,0,1
760,19,2015-09-15,1,0,1
761,20,2012-06-15,2,0,10
762,20,2012-07-15,2,1,10
763,20,2012-08-15,2,0,10
764,20,2012-09-15,2,0,10
765,20,2012-10-15,2,0,10
766,20,2012-11-15,2,1,10
767,20,2012-12-15,2,0,10
768,20,2013-01-15,2,0,10
769,20,2013-02-15,2,0,10
770,20,2013-03-15,2,0,10
771,20,2013-04-15,1.8315217391304348,1,10
772,20,2013-05-15,1.6684782608695652,1,10
773,20,2013-06-15,1.5,0,10
774,20,2013-07-15,2,0,10
775,20,2013-08-15,2,0,10
776,20,2013-09-15,1,0,10
777,20,2013-10-15,1,0,10
778,20,2013-11-15,1,1,10
779,20,2013-12-15,1,0,10
780,20,2014-01-15,1,0,10
781,20,2014-02-15,1,0,10
782,20,2014-03-15,1,0,10
783,20,2014-04-15,0.76,0,10
784,20,2014-05-15,2,0,10
785,20,2014-06-15,2,0,10
786,20,2014-07-15,2,0,10
787,20,2014-08-15,2,0,10
788,20,2014-09-15,1,0,10
789,20,2014-10-15,1,0,10
790,20,2014-11-15,2,0,10
791,20,2014-12-15,2,0,10
792,20,2015-01-15,2,0,10
793,20,2015-02-15,2,0,10
794,20,2015-03-15,1.5,0,10
795,20,2015-04-15,1.5,0,10
796,20,2015-05-15,1,0,10
797,20,2015-06-15,1,0,10
798,20,2015-07-15,1,0,10
799,20,2015-08-15,2,0,10
800,20,2015-09-15,2,0,10
801,21,2012-06-15,2,0,18
802,21,2012-07-15,2,1,18
803,21,2012-08-15,2,0,18
804,21,2012-09-15,2,0,18
805,21,2012-10-15,2,0,18
806,21,2012-11-15,2,1,18
807,21,2012-12-15,2,0,18
808,21,2013-01-15,1.5,0,18
809,21,2013-02-15,1.5,0,18
810,21,2013-03-15,2,0,18
811,21,2013-04-15,1.8315217391304348,1,18
812,21,2013-05-15,1.6684782608695652,1,18
813,21,2013-06-15,1.5,0,18
814,21,2013-07-15,2,0,18
815,21,2013-08-15,1.26,0,18
816,21,2013-09-15,2,0,18
817,21,2013-10-15,2,0,18
818,21,2013-11-15,2,1,18
819,21,2013-12-15,2,0,18
820,21,2014-01-15,2,0,18
821,21,2014-02-15,2,0,18
822,21,2014-03-15,2,0,18
823,21,2014-04-15,2,0,18
824,21,2014-05-15,2,0,18
825,21,2014-06-15,2,0,18
826,21,2014-07-15,2,0,18
827,21,2014-08-15,2,0,18
828,21,2014-09-15,2,0,18
829,21,2014-10-15,2,0,18
830,21,2014-11-15,1.5,0,18
831,21,2014-12-15,2,0,18
832,21,2015-01-15,2,0,18
833,21,2015-02-15,2,0,18
834,21,2015-03-15,2,0,18
835,21,2015-04-15,2,0,18
836,21,2015-05-15,2,0,18
837,21,2015-06-15,2,0,18
838,21,2015-07-15,2,0,18
839,21,2015-08-15,2,0,18
840,21,2015-09-15,1.5,0,18
841,22,2012-06-15,0,0,1
842,22,2012-07-15,0,1,1
843,22,2012-08-15,0,0,1
844,22,2012-09-15,0,0,1
845,22,2012-10-15,0,0,1
846,22,2012-11-15,0,1,1
847,22,2012-12-15,0,0,1
848,22,2013-01-15,0,0,1
849,22,2013-02-15,0,0,1
850,22,2013-03-15,0,0,1
851,22,2013-04-15,0,1,1
852,22,2013-05-15,0,1,1
853,22,2013-06-15,0,0,1
854,22,2013-07-15,0,0,1
855,22,2013-08-15,0,0,1
856,22,2013-09-15,0,0,1
857,22,2013-10-15,0,0,1
858,22,2013-11-15,0,1,1
859,22,2013-12-15,0,0,1
860,22,2014-01-15,0,0,1
861,22,2014-02-15,0,0,1
862,22,2014-03-15,0,0,1
863,22,2014-04-15,0,0,1
864,22,2014-05-15,0,0,1
865,22,2014-06-15,0,0,1
866,22,2014-07-15,0,0,1
867,22,2014-08-15,1,0,1
868,22,2014-09-15,1,0,1
869,22,2014-10-15,1,0,1
870,22,2014-11-15,1,0,1
871,22,2014-12-15,1,0,1
872,22,2015-01-15,1,0,1
873,22,2015-02-15,1,0,1
874,22,2015-03-15,1,0,1
875,22,2015-04-15,1,0,1
876,22,2015-05-15,1,0,1
877,22,2015-06-15,1,0,1
878,22,2015-07-15,1,0,1
879,22,2015-08-15,1,0,1
880,22,2015-09-15,1,0,1
881,23,2012-06-15,0,0,2
882,23,2012-07-15,0,1,2
883,23,2012-08-15,0,0,2
884,23,2012-09-15,0,0,2
885,23,2012-10-15,0,0,2
886,23,2012-11-15,0,1,2
887,23,2012-12-15,0,0,2
888,23,2013-01-15,0,0,2
889,23,2013-02-15,0,0,2
890,23,2013-03-15,0,0,2
891,23,2013-04-15,0,1,2
892,23,2013-05-15,0,1,2
893,23,2013-06-15,0,0,2
894,23,2013-07-15,0,0,2
895,23,2013-08-15,0,0,2
896,23,2013-09-15,0,0,2
897,23,2013-10-15,0,0,2
898,23,2013-11-15,0,1,2
899,23,2013-12-15,0,0,2
900,23,2014-01-15,0,0,2
901,23,2014-02-15,0,0,2
902,23,2014-03-15,0,0,2
903,23,2014-04-15,0,0,2
904,23,2014-05-15,0,0,2
905,23,2014-06-15,0,0,2
906,23,2014-07-15,0,0,2
907,23,2014-08-15,1,0,2
908,23,2014-09-15,1,0,2
909,23,2014-10-15,1,0,2
910,23,2014-11-15,1,0,2
911,23,2014-12-15,1,0,2
912,23,2015-01-15,0.76,0,2
913,23,2015-02-15,1,0,2
914,23,2015-03-15,0.5,0,2
915,23,2015-04-15,1,0,2
916,23,2015-05-15,1,0,2
917,23,2015-06-15,1,0,2
918,23,2015-07-15,1,0,2
919,23,2015-08-15,0.5,0,2
920,23,2015-09-15,1,0,2
921,24,2012-06-15,4,0,15
922,24,2012-07-15,3.7540983606557377,1,15
923,24,2012-08-15,3.5,0,15
924,24,2012-09-15,4,0,15
925,24,2012-10-15,4,0,15
926,24,2012-11-15,3.878032786885246,1,15
927,24,2012-12-15,3.76,0,15
928,24,2013-01-15,5,0,15
929,24,2013-02-15,5,0,15
930,24,2013-03-15,4.5,0,15
931,24,2013-04-15,4.668478260869565,1,15
932,24,2013-05-15,4.831521739130435,1,15
933,24,2013-06-15,5,0,15
934,24,2013-07-15,4,0,15
935,24,2013-08-15,4,0,15
936,24,2013-09-15,4,0,15
937,24,2013-10-15,3.76,0,15
938,24,2013-11-15,3.2518032786885245,1,15
939,24,2013-12-15,2.76,0,15
940,24,2014-01-15,4,0,15
941,24,2014-02-15,3.26,0,15
942,24,2014-03-15,4,0,15
943,24,2014-04-15,4,0,15
944,24,2014-05-15,4,0,15
945,24,2014-06-15,3.5,0,15
946,24,2014-07-15,3.5,0,15
947,24,2014-08-15,5,0,15
948,24,2014-09-15,4.76,0,15
949,24,2014-10-15,5,0,15
950,24,2014-11-15,5,0,15
951,24,2014-12-15,4,0,15
952,24,2015-01-15,4,0,15
953,24,2015-02-15,4,0,15
954,24,2015-03-15,4,0,15
955,24,2015-04-15,3.5,0,15
956,24,2015-05-15,3.52,0,15
957,24,2015-06-15,3.5,0,15
958,24,2015-07-15,3.5,0,15
959,24,2015-08-15,3,0,15
960,24,2015-09-15,3.5,0,15
961,25,2012-06-15,1,0,9
962,25,2012-07-15,1,1,9
963,25,2012-08-15,1,0,9
964,25,2012-09-15,1,0,9
965,25,2012-10-15,0.5,0,9
966,25,2012-11-15,0.7540983606557377,1,9
967,25,2012-12-15,1,0,9
968,25,2013-01-15,1,0,9
969,25,2013-02-15,1,0,9
970,25,2013-03-15,1,0,9
971,25,2013-04-15,1,1,9
972,25,2013-05-15,1,1,9
973,25,2013-06-15,1,0,9
974,25,2013-07-15,0.76,0,9
975,25,2013-08-15,1,0,9
976,25,2013-09-15,1,0,9
977,25,2013-10-15,1,0,9
978,25,2013-11-15,1,1,9
979,25,2013-12-15,1,0,9
980,25,2014-01-15,1,0,9
981,25,2014-02-15,1,0,9
982,25,2014-03-15,1,0,9
983,25,2014-04-15,0.5,0,9
984,25,2014-05-15,1,0,9
985,25,2014-06-15,2,0,9
986,25,2014-07-15,2,0,9
987,25,2014-08-15,2,0,9
988,25,2014-09-15,1.76,0,9
989,25,2014-10-15,2,0,9
990,25,2014-11-15,2,0,9
991,25,2014-12-15,2,0,9
992,25,2015-01-15,2,0,9
993,25,2015-02-15,2,0,9
994,25,2015-03-15,2,0,9
995,25,2015-04-15,2,0,9
996,25,2015-05-15,2,0,9
997,25,2015-06-15,2,0,9
998,25,2015-07-15,2,0,9
999,25,2015-08-15,1.5,0,9
1000,25,2015-09-15,1.5,0,9
1001,26,2012-06-15,1,0,9
1002,26,2012-07-15,1,1,9
1003,26,2012-08-15,1,0,9
1004,26,2012-09-15,1,0,9
1005,26,2012-10-15,1,0,9
1006,26,2012-11-15,1,1,9
1007,26,2012-12-15,1,0,9
1008,26,2013-01-15,1,0,9
1009,26,2013-02-15,1,0,9
1010,26,2013-03-15,1,0,9
1011,26,2013-04-15,0.8315217391304348,1,9
1012,26,2013-05-15,0.6684782608695652,1,9
1013,26,2013-06-15,0.5,0,9
1014,26,2013-07-15,1,0,9
1015,26,2013-08-15,1,0,9
1016,26,2013-09-15,1,0,9
1017,26,2013-10-15,1,0,9
1018,26,2013-11-15,1,1,9
1019,26,2013-12-15,1,0,9
1020,26,2014-01-15,1,0,9
1021,26,2014-02-15,1,0,9
1022,26,2014-03-15,1,0,9
1023,26,2014-04-15,1,0,9
1024,26,2014-05-15,1,0,9
1025,26,2014-06-15,1,0,9
1026,26,2014-07-15,1,0,9
1027,26,2014-08-15,1,0,9
1028,26,2014-09-15,0.5,0,9
1029,26,2014-10-15,1,0,9
1030,26,2014-11-15,1,0,9
1031,26,2014-12-15,1,0,9
1032,26,2015-01-15,1,0,9
1033,26,2015-02-15,1,0,9
1034,26,2015-03-15,1,0,9
1035,26,2015-04-15,1,0,9
1036,26,2015-05-15,1,0,9
1037,26,2015-06-15,1,0,9
1038,26,2015-07-15,1,0,9
1039,26,2015-08-15,0.5,0,9
1040,26,2015-09-15,1,0,9
1041,27,2012-06-15,0,0,15
1042,27,2012-07-15,0,1,15
1043,27,2012-08-15,0,0,15
1044,27,2012-09-15,0,0,15
1045,27,2012-10-15,0,0,15
1046,27,2012-11-15,0,1,15
1047,27,2012-12-15,0,0,15
1048,27,2013-01-15,0,0,15
1049,27,2013-02-15,0,0,15
1050,27,2013-03-15,0,0,15
1051,27,2013-04-15,0,1,15
1052,27,2013-05-15,0,1,15
1053,27,2013-06-15,0,0,15
1054,27,2013-07-15,0,0,15
1055,27,2013-08-15,0,0,15
1056,27,2013-09-15,0,0,15
1057,27,2013-10-15,0,0,15
1058,27,2013-11-15,0,1,15
1059,27,2013-12-15,0,0,15
1060,27,2014-01-15,0,0,15
1061,27,2014-02-15,0,0,15
1062,27,2014-03-15,0,0,15
1063,27,2014-04-15,0,0,15
1064,27,2014-05-15,0,0,15
1065,27,2014-06-15,0,0,15
1066,27,2014-07-15,0,0,15
1067,27,2014-08-15,1,0,15
1068,27,2014-09-15,1,0,15
1069,27,2014-10-15,0.5,0,15
1070,27,2014-11-15,1,0,15
1071,27,2014-12-15,1,0,15
1072,27,2015-01-15,1,0,15
1073,27,2015-02-15,1,0,15
1074,27,2015-03-15,1,0,15
1075,27,2015-04-15,1,0,15
1076,27,2015-05-15,1,0,15
1077,27,2015-06-15,1,0,15
1078,27,2015-07-15,1,0,15
1079,27,2015-08-15,1,0,15
1080,27,2015-09-15,1,0,15
1081,28,2012-06-15,0,0,14
1082,28,2012-07-15,0,1,14
1083,28,2012-08-15,0,0,14
1084,28,2012-09-15,0,0,14
1085,28,2012-10-15,0,0,14
1086,28,2012-11-15,0,1,14
1087,28,2012-12-15,0,0,14
1088,28,2013-01-15,0,0,14
1089,28,2013-02-15,0,0,14
1090,28,2013-03-15,0,0,14
1091,28,2013-04-15,0,1,14
1092,28,2013-05-15,0,1,14
1093,28,2013-06-15,0,0,14
1094,28,2013-07-15,0,0,14
1095,28,2013-08-15,0,0,14
1096,28,2013-09-15,0,0,14
1097,28,2013-10-15,0,0,14
1098,28,2013-11-15,0,1,14
1099,28,2013-12-15,0,0,14
1100,28,2014-01-15,0,0,14
1101,28,2014-02-15,0,0,14
1102,28,2014-03-15,0,0,14
1103,28,2014-04-15,0,0,14
1104,28,2014-05-15,0,0,14
1105,28,2014-06-15,0,0,14
1106,28,2014-07-15,0,0,14
1107,28,2014-08-15,1,0,14
1108,28,2014-09-15,1,0,14
1109,28,2014-10-15,1,0,14
1110,28,2014-11-15,1,0,14
1111,28,2014-12-15,1,0,14
1112,28,2015-01-15,1,0,14
1113,28,2015-02-15,1,0,14
1114,28,2015-03-15,1,0,14
1115,28,2015-04-15,1,0,14
1116,28,2015-05-15,1,0,14
1117,28,2015-06-15,0.5,0,14
1118,28,2015-07-15,1,0,14
1119,28,2015-08-15,1,0,14
1120,28,2015-09-15,1,0,14
1121,29,2012-06-15,0,0,14
1122,29,2012-07-15,0,1,14
1123,29,2012-08-15,0,0,14
1124,29,2012-09-15,0,0,14
1125,29,2012-10-15,0,0,14
1126,29,2012-11-15,0,1,14
1127,29,2012-12-15,0,0,14
1128,29,2013-01-15,0,0,14
1129,29,2013-02-15,0,0,14
1130,29,2013-03-15,0,0,14
1131,29,2013-04-15,0,1,14
1132,29,2013-05-15,0,1,14
1133,29,2013-06-15,0,0,14
1134,29,2013-07-15,0,0,14
1135,29,2013-08-15,0,0,14
1136,29,2013-09-15,0,0,14
1137,29,2013-10-15,0,0,14
1138,29,2013-11-15,0,1,14
1139,29,2013-12-15,0,0,14
1140,29,2014-01-15,0,0,14
1141,29,2014-02-15,0,0,14
1142,29,2014-03-15,0,0,14
1143,29,2014-04-15,0,0,14
1144,29,2014-05-15,0,0,14
1145,29,2014-06-15,0,0,14
1146,29,2014-07-15,0,0,14
1147,29,2014-08-15,0.5,0,14
1148,29,2014-09-15,1,0,14
1149,29,2014-10-15,1,0,14
1150,29,2014-11-15,1,0,14
1151,29,2014-12-15,1,0,14
1152,29,2015-01-15,1,0,14
1153,29,2015-02-15,1,0,14
1154,29,2015-03-15,1,0,14
1155,29,2015-04-15,1,0,14
1156,29,2015-05-15,1,0,14
1157,29,2015-06-15,1,0,14
1158,29,2015-07-15,1,0,14
1159,29,2015-08-15,0.5,0,14
1160,29,2015-09-15,1,0,14
1161,30,2012-06-15,0,0,2
1162,30,2012-07-15,0,1,2
1163,30,2012-08-15,0,0,2
1164,30,2012-09-15,0,0,2
1165,30,2012-10-15,0,0,2
1166,30,2012-11-15,0,1,2
1167,30,2012-12-15,0,0,2
1168,30,2013-01-15,0,0,2
1169,30,2013-02-15,0,0,2
1170,30,2013-03-15,0,0,2
1171,30,2013-04-15,0,1,2
1172,30,2013-05-15,0,1,2
1173,30,2013-06-15,0,0,2
1174,30,2013-07-15,0,0,2
1175,30,2013-08-15,0,0,2
1176,30,2013-09-15,0,0,2
1177,30,2013-10-15,0,0,2
1178,30,2013-11-15,0,1,2
1179,30,2013-12-15,0,0,2
1180,30,2014-01-15,0,0,2
1181,30,2014-02-15,0,0,2
1182,30,2014-03-15,0,0,2
1183,30,2014-04-15,0,0,2
1184,30,2014-05-15,0,0,2
1185,30,2014-06-15,0,0,2
1186,30,2014-07-15,0,0,2
1187,30,2014-08-15,1,0,2
1188,30,2014-09-15,1,0,2
1189,30,2014-10-15,1,0,2
1190,30,2014-11-15,1,0,2
1191,30,2014-12-15,1,0,2
1192,30,2015-01-15,1,0,2
1193,30,2015-02-15,1,0,2
1194,30,2015-03-15,1,0,2
1195,30,2015-04-15,1,0,2
1196,30,2015-05-15,0,0,2
1197,30,2015-06-15,0,0,2
1198,30,2015-07-15,0,0,2
1199,30,2015-08-15,0,0,2
1200,30,2015-09-15,1,0,2
1201,31,2012-06-15,0,0,13
1202,31,2012-07-15,0,1,13
1203,31,2012-08-15,0,0,13
1204,31,2012-09-15,0,0,13
1205,31,2012-10-15,0,0,13
1206,31,2012-11-15,0,1,13
1207,31,2012-12-15,0,0,13
1208,31,2013-01-15,0,0,13
1209,31,2013-02-15,0,0,13
1210,31,2013-03-15,0,0,13
1211,31,2013-04-15,0,1,13
1212,31,2013-05-15,0,1,13
1213,31,2013-06-15,0,0,13
1214,31,2013-07-15,0,0,13
1215,31,2013-08-15,0,0,13
1216,31,2013-09-15,0,0,13
1217,31,2013-10-15,0,0,13
1218,31,2013-11-15,0,1,13
1219,31,2013-12-15,0,0,13
1220,31,2014-01-15,0,0,13
1221,31,2014-02-15,0,0,13
1222,31,2014-03-15,0,0,13
1223,31,2014-04-15,0,0,13
1224,31,2014-05-15,0,0,13
1225,31,2014-06-15,0,0,13
1226,31,2014-07-15,0,0,13
1227,31,2014-08-15,1,0,13
1228,31,2014-09-15,1,0,13
1229,31,2014-10-15,1,0,13
1230,31,2014-11-15,1,0,13
1231,31,2014-12-15,1,0,13
1232,31,2015-01-15,1,0,13
1233,31,2015-02-15,0.5,0,13
1234,31,2015-03-15,1,0,13
1235,31,2015-04-15,1,0,13
1236,31,2015-05-15,1,0,13
1237,31,2015-06-15,1,0,13
1238,31,2015-07-15,1,0,13
1239,31,2015-08-15,1,0,13
1240,31,2015-09-15,1,0,13
1241,32,2012-06-15,1,0,16
1242,32,2012-07-15,1,1,16
1243,32,2012-08-15,1,0,16
1244,32,2012-09-15,1,0,16
1245,32,2012-10-15,1,0,16
1246,32,2012-11-15,0.8780327868852459,1,16
1247,32,2012-12-15,0.76,0,16
1248,32,2013-01-15,1,0,16
1249,32,2013-02-15,1,0,16
1250,32,2013-03-15,1,0,16
1251,32,2013-04-15,1,1,16
1252,32,2013-05-15,1,1,16
1253,32,2013-06-15,1,0,16
1254,32,2013-07-15,1,0,16
1255,32,2013-08-15,1,0,16
1256,32,2013-09-15,1,0,16
1257,32,2013-10-15,0.5,0,16
1258,32,2013-11-15,0.7540983606557377,1,16
1259,32,2013-12-15,1,0,16
1260,32,2014-01-15,1,0,16
1261,32,2014-02-15,1,0,16
1262,32,2014-03-15,1,0,16
1263,32,2014-04-15,1,0,16
1264,32,2014-05-15,1,0,16
1265,32,2014-06-15,1,0,16
1266,32,2014-07-15,0,0,16
1267,32,2014-08-15,1,0,16
1268,32,2014-09-15,1,0,16
1269,32,2014-10-15,1,0,16
1270,32,2014-11-15,1,0,16
1271,32,2014-12-15,1,0,16
1272,32,2015-01-15,1,0,16
1273,32,2015-02-15,1,0,16
1274,32,2015-03-15,0.5,0,16
1275,32,2015-04-15,1,0,16
1276,32,2015-05-15,1,0,16
1277,32,2015-06-15,1,0,16
1278,32,2015-07-15,1,0,16
1279,32,2015-08-15,1,0,16
1280,32,2015-09-15,1,0,16
1281,33,2012-06-15,2,0,14
1282,33,2012-07-15,2,1,14
1283,33,2012-08-15,2,0,14
1284,33,2012-09-15,2,0,14
1285,33,2012-10-15,2,0,14
1286,33,2012-11-15,1.878032786885246,1,14
1287,33,2012-12-15,1.76,0,14
1288,33,2013-01-15,2,0,14
1289,33,2013-02-15,2,0,14
1290,33,2013-03-15,2,0,14
1291,33,2013-04-15,2,1,14
1292,33,2013-05-15,2,1,14
1293,33,2013-06-15,2,0,14
1294,33,2013-07-15,2,0,14
1295,33,2013-08-15,2,0,14
1296,33,2013-09-15,2,0,14
1297,33,2013-10-15,2,0,14
1298,33,2013-11-15,2,1,14
1299,33,2013-12-15,2,0,14
1300,33,2014-01-15,2,0,14
1301,33,2014-02-15,3,0,14
1302,33,2014-03-15,1.76,0,14
1303,33,2014-04-15,2.5,0,14
1304,33,2014-05-15,3,0,14
1305,33,2014-06-15,2,0,14
1306,33,2014-07-15,2,0,14
1307,33,2014-08-15,3,0,14
1308,33,2014-09-15,3,0,14
1309,33,2014-10-15,3,0,14
1310,33,2014-11-15,2.5,0,14
1311,33,2014-12-15,2,0,14
1312,33,2015-01-15,3,0,14
1313,33,2015-02-15,3,0,14
1314,33,2015-03-15,3,0,14
1315,33,2015-04-15,3,0,14
1316,33,2015-05-15,2,0,14
1317,33,2015-06-15,2,0,14
1318,33,2015-07-15,1,0,14
1319,33,2015-08-15,1,0,14
1320,33,2015-09-15,1,0,14
1321,34,2012-06-15,0,0,12
1322,34,2012-07-15,0,1,12
1323,34,2012-08-15,0,0,12
1324,34,2012-09-15,0,0,12
1325,34,2012-10-15,0,0,12
1326,34,2012-11-15,0,1,12
1327,34,2012-12-15,0,0,12
1328,34,2013-01-15,0,0,12
1329,34,2013-02-15,0,0,12
1330,34,2013-03-15,0,0,12
1331,34,2013-04-15,0,1,12
1332,34,2013-05-15,0,1,12
1333,34,2013-06-15,0,0,12
1334,34,2013-07-15,0,0,12
1335,34,2013-08-15,0,0,12
1336,34,2013-09-15,0,0,12
1337,34,2013-10-15,0,0,12
1338,34,2013-11-15,0,1,12
1339,34,2013-12-15,0,0,12
1340,34,2014-01-15,0,0,12
1341,34,2014-02-15,0,0,12
1342,34,2014-03-15,0,0,12
1343,34,2014-04-15,0,0,12
1344,34,2014-05-15,0,0,12
1345,34,2014-06-15,0,0,12
1346,34,2014-07-15,0,0,12
1347,34,2014-08-15,1,0,12
1348,34,2014-09-15,0.76,0,12
1349,34,2014-10-15,1,0,12
1350,34,2014-11-15,1,0,12
1351,34,2014-12-15,1,0,12
1352,34,2015-01-15,1,0,12
1353,34,2015-02-15,1,0,12
1354,34,2015-03-15,1,0,12
1355,34,2015-04-15,1,0,12
1356,34,2015-05-15,0.5,0,12
1357,34,2015-06-15,1,0,12
1358,34,2015-07-15,1,0,12
1359,34,2015-08-15,1,0,12
1360,34,2015-09-15,1,0,12
1361,35,2012-06-15,1,0,12
1362,35,2012-07-15,0.8819672131147541,1,12
1363,35,2012-08-15,0.76,0,12
1364,35,2012-09-15,1,0,12
1365,35,2012-10-15,1,0,12
1366,35,2012-11-15,0.4918032786885246,1,12
1367,35,2012-12-15,0,0,12
1368,35,2013-01-15,0,0,12
1369,35,2013-02-15,0,0,12
1370,35,2013-03-15,0,0,12
1371,35,2013-04-15,0,1,12
1372,35,2013-05-15,0,1,12
1373,35,2013-06-15,0,0,12
1374,35,2013-07-15,0,0,12
1375,35,2013-08-15,0,0,12
1376,35,2013-09-15,0,0,12
1377,35,2013-10-15,0,0,12
1378,35,2013-11-15,0,1,12
1379,35,2013-12-15,0,0,12
1380,35,2014-01-15,0,0,12
1381,35,2014-02-15,0,0,12
1382,35,2014-03-15,0,0,12
1383,35,2014-04-15,0,0,12
1384,35,2014-05-15,0,0,12
1385,35,2014-06-15,0,0,12
1386,35,2014-07-15,0,0,12
1387,35,2014-08-15,0,0,12
1388,35,2014-09-15,0,0,12
1389,35,2014-10-15,0,0,12
1390,35,2014-11-15,0,0,12
1391,35,2014-12-15,0,0,12
1392,35,2015-01-15,0,0,12
1393,35,2015-02-15,0,0,12
1394,35,2015-03-15,0,0,12
1395,35,2015-04-15,0,0,12
1396,35,2015-05-15,0,0,12
1397,35,2015-06-15,0,0,12
1398,35,2015-07-15,0,0,12
1399,35,2015-08-15,0,0,12
1400,35,2015-09-15,0,0,12
1401,36,2012-06-15,2,0,3
1402,36,2012-07-15,1.881967213114754,1,3
1403,36,2012-08-15,1.76,0,3
1404,36,2012-09-15,1.5,0,3
1405,36,2012-10-15,2,0,3
1406,36,2012-11-15,2,1,3
1407,36,2012-12-15,2,0,3
1408,36,2013-01-15,2,0,3
1409,36,2013-02-15,2,0,3
1410,36,2013-03-15,2,0,3
1411,36,2013-04-15,1.9191304347826086,1,3
1412,36,2013-05-15,1.8408695652173912,1,3
1413,36,2013-06-15,1.76,0,3
1414,36,2013-07-15,2,0,3
1415,36,2013-08-15,2,0,3
1416,36,2013-09-15,2,0,3
1417,36,2013-10-15,2,0,3
1418,36,2013-11-15,2,1,3
1419,36,2013-12-15,2,0,3
1420,36,2014-01-15,2,0,3
1421,36,2014-02-15,1.5,0,3
1422,36,2014-03-15,1.76,0,3
1423,36,2014-04-15,2,0,3
1424,36,2014-05-15,2,0,3
1425,36,2014-06-15,2,0,3
1426,36,2014-07-15,1,0,3
1427,36,2014-08-15,1,0,3
1428,36,2014-09-15,1,0,3
1429,36,2014-10-15,0.5,0,3
1430,36,2014-11-15,2,0,3
1431,36,2014-12-15,2,0,3
1432,36,2015-01-15,2,0,3
1433,36,2015-02-15,2,0,3
1434,36,2015-03-15,2,0,3
1435,36,2015-04-15,1,0,3
1436,36,2015-05-15,1,0,3
1437,36,2015-06-15,2,0,3
1438,36,2015-07-15,2,0,3
1439,36,2015-08-15,1.76,0,3
1440,36,2015-09-15,1.5,0,3
1441,37,2012-06-15,2,0,1
1442,37,2012-07-15,2,1,1
1443,37,2012-08-15,2,0,1
1444,37,2012-09-15,2,0,1
1445,37,2012-10-15,2,0,1
1446,37,2012-11-15,2,1,1
1447,37,2012-12-15,2,0,1
1448,37,2013-01-15,2,0,1
1449,37,2013-02-15,2,0,1
1450,37,2013-03-15,2,0,1
1451,37,2013-04-15,1.8315217391304348,1,1
1452,37,2013-05-15,1.6684782608695652,1,1
1453,37,2013-06-15,1.5,0,1
1454,37,2013-07-15,2,0,1
1455,37,2013-08-15,2,0,1
1456,37,2013-09-15,2,0,1
1457,37,2013-10-15,2,0,1
1458,37,2013-11-15,2,1,1
1459,37,2013-12-15,2,0,1
1460,37,2014-01-15,1,0,1
1461,37,2014-02-15,1,0,1
1462,37,2014-03-15,1,0,1
1463,37,2014-04-15,1,0,1
1464,37,2014-05-15,1,0,1
1465,37,2014-06-15,1,0,1
1466,37,2014-07-15,1,0,1
1467,37,2014-08-15,0.5,0,1
1468,37,2014-09-15,1,0,1
1469,37,2014-10-15,1,0,1
1470,37,2014-11-15,1,0,1
1471,37,2014-12-15,1,0,1
1472,37,2015-01-15,1,0,1
1473,37,2015-02-15,1,0,1
1474,37,2015-03-15,1,0,1
1475,37,2015-04-15,1,0,1
1476,37,2015-05-15,1,0,1
1477,37,2015-06-15,0.5,0,1
1478,37,2015-07-15,1,0,1
1479,37,2015-08-15,1,0,1
1480,37,2015-09-15,1,0,1
1481,38,2012-06-15,0,0,17
1482,38,2012-07-15,0,1,17
1483,38,2012-08-15,0,0,17
1484,38,2012-09-15,0,0,17
1485,38,2012-10-15,0,0,17
1486,38,2012-11-15,0,1,17
1487,38,2012-12-15,0,0,17
1488,38,2013-01-15,0,0,17
1489,38,2013-02-15,0,0,17
1490,38,2013-03-15,0,0,17
1491,38,2013-04-15,0,1,17
1492,38,2013-05-15,0,1,17
1493,38,2013-06-15,0,0,17
1494,38,2013-07-15,0,0,17
1495,38,2013-08-15,0,0,17
1496,38,2013-09-15,0,0,17
1497,38,2013-10-15,0,0,17
1498,38,2013-11-15,0,1,17
1499,38,2013-12-15,0,0,17
1500,38,2014-01-15,0,0,17
1501,38,2014-02-15,0,0,17
1502,38,2014-03-15,0,0,17
1503,38,2014-04-15,0,0,17
1504,38,2014-05-15,0,0,17
1505,38,2014-06-15,0,0,17
1506,38,2014-07-15,0,0,17
1507,38,2014-08-15,1,0,17
1508,38,2014-09-15,1,0,17
1509,38,2014-10-15,1,0,17
1510,38,2014-11-15,1,0,17
1511,38,2014-12-15,1,0,17
1512,38,2015-01-15,1,0,17
1513,38,2015-02-15,1,0,17
1514,38,2015-03-15,1,0,17
1515,38,2015-04-15,1,0,17
1516,38,2015-05-15,1,0,17
1517,38,2015-06-15,1,0,17
1518,38,2015-07-15,1,0,17
1519,38,2015-08-15,0.5,0,17
1520,38,2015-09-15,1,0,17
1521,39,2012-06-15,0,0,8
1522,39,2012-07-15,0,1,8
1523,39,2012-08-15,0,0,8
1524,39,2012-09-15,0,0,8
1525,39,2012-10-15,0,0,8
1526,39,2012-11-15,0,1,8
1527,39,2012-12-15,0,0,8
1528,39,2013-01-15,0,0,8
1529,39,2013-02-15,0,0,8
1530,39,2013-03-15,0,0,8
1531,39,2013-04-15,0,1,8
1532,39,2013-05-15,0,1,8
1533,39,2013-06-15,0,0,8
1534,39,2013-07-15,0,0,8
1535,39,2013-08-15,0,0,8
1536,39,2013-09-15,0,0,8
1537,39,2013-10-15,0,0,8
1538,39,2013-11-15,0,1,8
1539,39,2013-12-15,0,0,8
1540,39,2014-01-15,0,0,8
1541,39,2014-02-15,0,0,8
1542,39,2014-03-15,0,0,8
1543,39,2014-04-15,0,0,8
1544,39,2014-05-15,0,0,8
1545,39,2014-06-15,0,0,8
1546,39,2014-07-15,0,0,8
1547,39,2014-08-15,1,0,8
1548,39,2014-09-15,1,0,8
1549,39,2014-10-15,1,0,8
1550,39,2014-11-15,1,0,8
1551,39,2014-12-15,1,0,8
1552,39,2015-01-15,1,0,8
1553,39,2015-02-15,1,0,8
1554,39,2015-03-15,1,0,8
1555,39,2015-04-15,1,0,8
1556,39,2015-05-15,1,0,8
1557,39,2015-06-15,1,0,8
1558,39,2015-07-15,1,0,8
1559,39,2015-08-15,1,0,8
1560,39,2015-09-15,1,0,8
1561,40,2012-06-15,4,0,8
1562,40,2012-07-15,4,1,8
1563,40,2012-08-15,4,0,8
1564,40,2012-09-15,4,0,8
1565,40,2012-10-15,4,0,8
1566,40,2012-11-15,4,1,8
1567,40,2012-12-15,4,0,8
1568,40,2013-01-15,4,0,8
1569,40,2013-02-15,4,0,8
1570,40,2013-03-15,3.76,0,8
1571,40,2013-04-15,3.672391304347826,1,8
1572,40,2013-05-15,3.587608695652174,1,8
1573,40,2013-06-15,3.5,0,8
1574,40,2013-07-15,3.76,0,8
1575,40,2013-08-15,3.76,0,8
1576,40,2013-09-15,3.5,0,8
1577,40,2013-10-15,3.26,0,8
1578,40,2013-11-15,3.636065573770492,1,8
1579,40,2013-12-15,4,0,8
1580,40,2014-01-15,4,0,8
1581,40,2014-02-15,3.76,0,8
1582,40,2014-03-15,4,0,8
1583,40,2014-04-15,4,0,8
1584,40,2014-05-15,3.76,0,8
1585,40,2014-06-15,4,0,8
1586,40,2014-07-15,3.5,0,8
1587,40,2014-08-15,3.5,0,8
1588,40,2014-09-15,4,0,8
1589,40,2014-10-15,3.5,0,8
1590,40,2014-11-15,4,0,8
1591,40,2014-12-15,4,0,8
1592,40,2015-01-15,3,0,8
1593,40,2015-02-15,2.76,0,8
1594,40,2015-03-15,3,0,8
1595,40,2015-04-15,3,0,8
1596,40,2015-05-15,3,0,8
1597,40,2015-06-15,3,0,8
1598,40,2015-07-15,2,0,8
1599,40,2015-08-15,3,0,8
1600,40,2015-09-15,3,0,8
1601,41,2012-06-15,3,0,1
1602,41,2012-07-15,3,1,1
1603,41,2012-08-15,3,0,1
1604,41,2012-09-15,3,0,1
1605,41,2012-10-15,3,0,1
1606,41,2012-11-15,2.878032786885246,1,1
1607,41,2012-12-15,2.76,0,1
1608,41,2013-01-15,3,0,1
1609,41,2013-02-15,2.5,0,1
1610,41,2013-03-15,3,0,1
1611,41,2013-04-15,3,1,1
1612,41,2013-05-15,3,1,1
1613,41,2013-06-15,3,0,1
1614,41,2013-07-15,3,0,1
1615,41,2013-08-15,3,0,1
1616,41,2013-09-15,3,0,1
1617,41,2013-10-15,3,0,1
1618,41,2013-11-15,3,1,1
1619,41,2013-12-15,3,0,1
1620,41,2014-01-15,3,0,1
1621,41,2014-02-15,2.5,0,1
1622,41,2014-03-15,3,0,1
1623,41,2014-04-15,3,0,1
1624,41,2014-05-15,2.5,0,1
1625,41,2014-06-15,3,0,1
1626,41,2014-07-15,2.76,0,1
1627,41,2014-08-15,3,0,1
1628,41,2014-09-15,3,0,1
1629,41,2014-10-15,3,0,1
1630,41,2014-11-15,3,0,1
1631,41,2014-12-15,3,0,1
1632,41,2015-01-15,2.5,0,1
1633,41,2015-02-15,2.76,0,1
1634,41,2015-03-15,3,0,1
1635,41,2015-04-15,3,0,1
1636,41,2015-05-15,3,0,1
1637,41,2015-06-15,2.5,0,1
1638,41,2015-07-15,3,0,1
1639,41,2015-08-15,3,0,1
1640,41,2015-09-15,2.76,0,1
1641,42,2012-06-15,2,0,1
1642,42,2012-07-15,2,1,1
1643,42,2012-08-15,2,0,1
1644,42,2012-09-15,2,0,1
1645,42,2012-10-15,3,0,1
1646,42,2012-11-15,3.5081967213114753,1,1
1647,42,2012-12-15,4,0,1
1648,42,2013-01-15,2,0,1
1649,42,2013-02-15,2,0,1
1650,42,2013-03-15,2,0,1
1651,42,2013-04-15,2,1,1
1652,42,2013-05-15,2,1,1
1653,42,2013-06-15,2,0,1
1654,42,2013-07-15,2,0,1
1655,42,2013-08-15,2,0,1
1656,42,2013-09-15,2,0,1
1657,42,2013-10-15,2,0,1
1658,42,2013-11-15,2,1,1
1659,42,2013-12-15,2,0,1
1660,42,2014-01-15,2,0,1
1661,42,2014-02-15,2,0,1
1662,42,2014-03-15,2,0,1
1663,42,2014-04-15,2,0,1
1664,42,2014-05-15,2,0,1
1665,42,2014-06-15,2,0,1
1666,42,2014-07-15,2,0,1
1667,42,2014-08-15,2,0,1
1668,42,2014-09-15,2,0,1
1669,42,2014-10-15,2,0,1
1670,42,2014-11-15,2,0,1
1671,42,2014-12-15,2,0,1
1672,42,2015-01-15,1.76,0,1
1673,42,2015-02-15,2,0,1
1674,42,2015-03-15,2,0,1
1675,42,2015-04-15,2,0,1
1676,42,2015-05-15,1.5,0,1
1677,42,2015-06-15,1.5,0,1
1678,42,2015-07-15,2,0,1
1679,42,2015-08-15,2,0,1
1680,42,2015-09-15,2,0,1
1681,43,2012-06-15,0,0,12
1682,43,2012-07-15,0,1,12
1683,43,2012-08-15,0,0,12
1684,43,2012-09-15,0,0,12
1685,43,2012-10-15,0,0,12
1686,43,2012-11-15,0,1,12
1687,43,2012-12-15,0,0,12
1688,43,2013-01-15,0,0,12
1689,43,2013-02-15,0,0,12
1690,43,2013-03-15,0,0,12
1691,43,2013-04-15,0,1,12
1692,43,2013-05-15,0,1,12
1693,43,2013-06-15,0,0,12
1694,43,2013-07-15,0,0,12
1695,43,2013-08-15,0,0,12
1696,43,2013-09-15,0,0,12
1697,43,2013-10-15,0,0,12
1698,43,2013-11-15,0,1,12
1699,43,2013-12-15,0,0,12
1700,43,2014-01-15,0,0,12
1701,43,2014-02-15,0,0,12
1702,43,2014-03-15,0,0,12
1703,43,2014-04-15,0,0,12
1704,43,2014-05-15,0,0,12
1705,43,2014-06-15,0,0,12
1706,43,2014-07-15,0,0,12
1707,43,2014-08-15,1,0,12
1708,43,2014-09-15,1,0,12
1709,43,2014-10-15,1,0,12
1710,43,2014-11-15,1,0,12
1711,43,2014-12-15,1,0,12
1712,43,2015-01-15,1,0,12
1713,43,2015-02-15,1,0,12
1714,43,2015-03-15,1,0,12
1715,43,2015-04-15,1,0,12
1716,43,2015-05-15,1,0,12
1717,43,2015-06-15,1,0,12
1718,43,2015-07-15,1,0,12
1719,43,2015-08-15,1,0,12
1720,43,2015-09-15,1,0,12
1721,44,2012-06-15,0,0,7
1722,44,2012-07-15,0,1,7
1723,44,2012-08-15,0,0,7
1724,44,2012-09-15,0,0,7
1725,44,2012-10-15,0,0,7
1726,44,2012-11-15,0,1,7
1727,44,2012-12-15,0,0,7
1728,44,2013-01-15,0,0,7
1729,44,2013-02-15,0,0,7
1730,44,2013-03-15,0,0,7
1731,44,2013-04-15,0,1,7
1732,44,2013-05-15,0,1,7
1733,44,2013-06-15,0,0,7
1734,44,2013-07-15,0,0,7
1735,44,2013-08-15,0,0,7
1736,44,2013-09-15,0,0,7
1737,44,2013-10-15,0,0,7
1738,44,2013-11-15,0,1,7
1739,44,2013-12-15,0,0,7
1740,44,2014-01-15,0,0,7
1741,44,2014-02-15,0,0,7
1742,44,2014-03-15,0,0,7
1743,44,2014-04-15,0,0,7
1744,44,2014-05-15,0,0,7
1745,44,2014-06-15,0,0,7
1746,44,2014-07-15,0,0,7
1747,44,2014-08-15,1,0,7
1748,44,2014-09-15,1,0,7
1749,44,2014-10-15,1,0,7
1750,44,2014-11-15,1,0,7
1751,44,2014-12-15,1,0,7
1752,44,2015-01-15,1,0,7
1753,44,2015-02-15,1,0,7
1754,44,2015-03-15,1,0,7
1755,44,2015-04-15,1,0,7
1756,44,2015-05-15,1,0,7
1757,44,2015-06-15,1,0,7
1758,44,2015-07-15,1,0,7
1759,44,2015-08-15,1,0,7
1760,44,2015-09-15,1,0,7
1761,45,2012-06-15,1,0,6
1762,45,2012-07-15,1,1,6
1763,45,2012-08-15,1,0,6
1764,45,2012-09-15,1,0,6
1765,45,2012-10-15,1,0,6
1766,45,2012-11-15,1,1,6
1767,45,2012-12-15,1,0,6
1768,45,2013-01-15,1,0,6
1769,45,2013-02-15,1,0,6
1770,45,2013-03-15,1,0,6
1771,45,2013-04-15,0.8315217391304348,1,6
1772,45,2013-05-15,0.6684782608695652,1,6
1773,45,2013-06-15,0.5,0,6
1774,45,2013-07-15,1,0,6
1775,45,2013-08-15,1,0,6
1776,45,2013-09-15,1,0,6
1777,45,2013-10-15,1,0,6
1778,45,2013-11-15,1,1,6
1779,45,2013-12-15,1,0,6
1780,45,2014-01-15,1,0,6
1781,45,2014-02-15,1,0,6
1782,45,2014-03-15,1,0,6
1783,45,2014-04-15,1,0,6
1784,45,2014-05-15,1,0,6
1785,45,2014-06-15,1,0,6
1786,45,2014-07-15,1,0,6
1787,45,2014-08-15,1,0,6
1788,45,2014-09-15,1,0,6
1789,45,2014-10-15,1,0,6
1790,45,2014-11-15,1,0,6
1791,45,2014-12-15,1,0,6
1792,45,2015-01-15,1,0,6
1793,45,2015-02-15,1,0,6
1794,45,2015-03-15,1,0,6
1795,45,2015-04-15,1,0,6
1796,45,2015-05-15,1,0,6
1797,45,2015-06-15,1,0,6
1798,45,2015-07-15,1,0,6
1799,45,2015-08-15,1,0,6
1800,45,2015-09-15,1,0,6
1801,46,2012-06-15,2,0,13
1802,46,2012-07-15,2,1,13
1803,46,2012-08-15,2,0,13
1804,46,2012-09-15,2,0,13
1805,46,2012-10-15,2,0,13
1806,46,2012-11-15,2,1,13
1807,46,2012-12-15,2,0,13
1808,46,2013-01-15,2,0,13
1809,46,2013-02-15,2,0,13
1810,46,2013-03-15,2,0,13
1811,46,2013-04-15,1.9191304347826086,1,13
1812,46,2013-05-15,1.8408695652173912,1,13
1813,46,2013-06-15,1.76,0,13
1814,46,2013-07-15,2,0,13
1815,46,2013-08-15,2,0,13
1816,46,2013-09-15,2,0,13
1817,46,2013-10-15,2,0,13
1818,46,2013-11-15,2,1,13
1819,46,2013-12-15,2,0,13
1820,46,2014-01-15,2,0,13
1821,46,2014-02-15,2,0,13
1822,46,2014-03-15,2,0,13
1823,46,2014-04-15,2,0,13
1824,46,2014-05-15,1.5,0,13
1825,46,2014-06-15,2,0,13
1826,46,2014-07-15,2,0,13
1827,46,2014-08-15,2,0,13
1828,46,2014-09-15,2,0,13
1829,46,2014-10-15,2,0,13
1830,46,2014-11-15,2,0,13
1831,46,2014-12-15,2,0,13
1832,46,2015-01-15,2,0,13
1833,46,2015-02-15,2,0,13
1834,46,2015-03-15,2,0,13
1835,46,2015-04-15,1.76,0,13
1836,46,2015-05-15,1.5,0,13
1837,46,2015-06-15,2,0,13
1838,46,2015-07-15,2,0,13
1839,46,2015-08-15,1.5,0,13
1840,46,2015-09-15,2,0,13
1841,47,2012-06-15,0,0,15
1842,47,2012-07-15,0,1,15
1843,47,2012-08-15,0,0,15
1844,47,2012-09-15,0,0,15
1845,47,2012-10-15,0,0,15
1846,47,2012-11-15,0,1,15
1847,47,2012-12-15,0,0,15
1848,47,2013-01-15,0,0,15
1849,47,2013-02-15,0,0,15
1850,47,2013-03-15,0,0,15
1851,47,2013-04-15,0,1,15
1852,47,2013-05-15,0,1,15
1853,47,2013-06-15,0,0,15
1854,47,2013-07-15,0,0,15
1855,47,2013-08-15,0,0,15
1856,47,2013-09-15,0,0,15
1857,47,2013-10-15,0,0,15
1858,47,2013-11-15,0,1,15
1859,47,2013-12-15,0,0,15
1860,47,2014-01-15,0,0,15
1861,47,2014-02-15,0,0,15
1862,47,2014-03-15,0,0,15
1863,47,2014-04-15,0,0,15
1864,47,2014-05-15,0,0,15
1865,47,2014-06-15,0,0,15
1866,47,2014-07-15,0,0,15
1867,47,2014-08-15,1,0,15
1868,47,2014-09-15,0.5,0,15
1869,47,2014-10-15,1,0,15
1870,47,2014-11-15,1,0,15
1871,47,2014-12-15,1,0,15
1872,47,2015-01-15,1,0,15
1873,47,2015-02-15,1,0,15
1874,47,2015-03-15,0.5,0,15
1875,47,2015-04-15,1,0,15
1876,47,2015-05-15,1,0,15
1877,47,2015-06-15,1,0,15
1878,47,2015-07-15,1,0,15
1879,47,2015-08-15,1,0,15
1880,47,2015-09-15,1,0,15
1881,48,2012-06-15,0.76,0,12
1882,48,2012-07-15,0.8780327868852459,1,12
1883,48,2012-08-15,1,0,12
1884,48,2012-09-15,1,0,12
1885,48,2012-10-15,1,0,12
1886,48,2012-11-15,1.5081967213114753,1,12
1887,48,2012-12-15,2,0,12
1888,48,2013-01-15,2,0,12
1889,48,2013-02-15,1.5,0,12
1890,48,2013-03-15,2,0,12
1891,48,2013-04-15,2,1,12
1892,48,2013-05-15,2,1,12
1893,48,2013-06-15,2,0,12
1894,48,2013-07-15,2,0,12
1895,48,2013-08-15,2,0,12
1896,48,2013-09-15,2,0,12
1897,48,2013-10-15,2,0,12
1898,48,2013-11-15,1.878032786885246,1,12
1899,48,2013-12-15,1.76,0,12
1900,48,2014-01-15,2,0,12
1901,48,2014-02-15,2,0,12
1902,48,2014-03-15,1.5,0,12
1903,48,2014-04-15,2,0,12
1904,48,2014-05-15,2,0,12
1905,48,2014-06-15,2,0,12
1906,48,2014-07-15,2,0,12
1907,48,2014-08-15,2,0,12
1908,48,2014-09-15,2,0,12
1909,48,2014-10-15,2,0,12
1910,48,2014-11-15,2,0,12
1911,48,2014-12-15,2,0,12
1912,48,2015-01-15,2,0,12
1913,48,2015-02-15,1.76,0,12
1914,48,2015-03-15,2,0,12
1915,48,2015-04-15,2,0,12
1916,48,2015-05-15,2,0,12
1917,48,2015-06-15,2,0,12
1918,48,2015-07-15,2,0,12
1919,48,2015-08-15,2,0,12
1920,48,2015-09-15,2,0,12
1921,49,2012-06-15,0,0,18
1922,49,2012-07-15,0,1,18
1923,49,2012-08-15,0,0,18
1924,49,2012-09-15,0,0,18
1925,49,2012-10-15,0,0,18
1926,49,2012-11-15,0,1,18
1927,49,2012-12-15,0,0,18
1928,49,2013-01-15,0,0,18
1929,49,2013-02-15,0,0,18
1930,49,2013-03-15,0,0,18
1931,49,2013-04-15,0,1,18
1932,49,2013-05-15,0,1,18
1933,49,2013-06-15,0,0,18
1934,49,2013-07-15,0,0,18
1935,49,2013-08-15,0,0,18
1936,49,2013-09-15,0,0,18
1937,49,2013-10-15,0,0,18
1938,49,2013-11-15,0,1,18
1939,49,2013-12-15,0,0,18
1940,49,2014-01-15,0,0,18
1941,49,2014-02-15,0,0,18
1942,49,2014-03-15,0,0,18
1943,49,2014-04-15,0,0,18
1944,49,2014-05-15,0,0,18
1945,49,2014-06-15,0,0,18
1946,49,2014-07-15,0,0,18
1947,49,2014-08-15,0,0,18
1948,49,2014-09-15,0,0,18
1949,49,2014-10-15,0,0,18
1950,49,2014-11-15,0,0,18
1951,49,2014-12-15,0,0,18
1952,49,2015-01-15,0,0,18
1953,49,2015-02-15,0,0,18
1954,49,2015-03-15,0,0,18
1955,49,2015-04-15,0,0,18
1956,49,2015-05-15,0,0,18
1957,49,2015-06-15,0,0,18
1958,49,2015-07-15,0,0,18
1959,49,2015-08-15,0,0,18
1960,49,2015-09-15,0,0,18
1961,50,2012-06-15,1,0,9
1962,50,2012-07-15,1,1,9
1963,50,2012-08-15,1,0,9
1964,50,2012-09-15,0.76,0,9
1965,50,2012-10-15,1,0,9
1966,50,2012-11-15,1,1,9
1967,50,2012-12-15,1,0,9
1968,50,2013-01-15,1,0,9
1969,50,2013-02-15,1,0,9
1970,50,2013-03-15,1,0,9
1971,50,2013-04-15,1,1,9
1972,50,2013-05-15,1,1,9
1973,50,2013-06-15,1,0,9
1974,50,2013-07-15,0.5,0,9
1975,50,2013-08-15,1,0,9
1976,50,2013-09-15,1,0,9
1977,50,2013-10-15,1,0,9
1978,50,2013-11-15,1,1,9
1979,50,2013-12-15,1,0,9
1980,50,2014-01-15,0,0,9
1981,50,2014-02-15,0,0,9
1982,50,2014-03-15,0,0,9
1983,50,2014-04-15,0,0,9
1984,50,2014-05-15,0,0,9
1985,50,2014-06-15,0,0,9
1986,50,2014-07-15,0,0,9
1987,50,2014-08-15,0,0,9
1988,50,2014-09-15,0,0,9
1989,50,2014-10-15,0,0,9
1990,50,2014-11-15,0,0,9
1991,50,2014-12-15,0,0,9
1992,50,2015-01-15,0,0,9
1993,50,2015-02-15,0,0,9
1994,50,2015-03-15,0,0,9
1995,50,2015-04-15,0,0,9
1996,50,2015-05-15,0,0,9
1997,50,2015-06-15,0,0,9
1998,50,2015-07-15,0,0,9
1999,50,2015-08-15,0,0,9
2000,50,2015-09-15,0,0,9
2001,51,2012-06-15,2.5,0,11
2002,51,2012-07-15,2.7459016393442623,1,11
2003,51,2012-08-15,3,0,11
2004,51,2012-09-15,3,0,11
2005,51,2012-10-15,3,0,11
2006,51,2012-11-15,3,1,11
2007,51,2012-12-15,3,0,11
2008,51,2013-01-15,2.5,0,11
2009,51,2013-02-15,2.76,0,11
2010,51,2013-03-15,3,0,11
2011,51,2013-04-15,2.8315217391304346,1,11
2012,51,2013-05-15,2.6684782608695654,1,11
2013,51,2013-06-15,2.5,0,11
2014,51,2013-07-15,3,0,11
2015,51,2013-08-15,3,0,11
2016,51,2013-09-15,2.5,0,11
2017,51,2013-10-15,3,0,11
2018,51,2013-11-15,2.7459016393442623,1,11
2019,51,2013-12-15,2.5,0,11
2020,51,2014-01-15,2.5,0,11
2021,51,2014-02-15,2,0,11
2022,51,2014-03-15,2,0,11
2023,51,2014-04-15,2,0,11
2024,51,2014-05-15,1.5,0,11
2025,51,2014-06-15,3,0,11
2026,51,2014-07-15,3,0,11
2027,51,2014-08-15,3,0,11
2028,51,2014-09-15,3,0,11
2029,51,2014-10-15,3,0,11
2030,51,2014-11-15,3,0,11
2031,51,2014-12-15,3,0,11
2032,51,2015-01-15,3,0,11
2033,51,2015-02-15,3,0,11
2034,51,2015-03-15,3,0,11
2035,51,2015-04-15,3,0,11
2036,51,2015-05-15,3,0,11
2037,51,2015-06-15,2.76,0,11
2038,51,2015-07-15,2.76,0,11
2039,51,2015-08-15,3,0,11
2040,51,2015-09-15,1.76,0,11
2041,52,2012-06-15,0,0,3
2042,52,2012-07-15,0,1,3
2043,52,2012-08-15,0,0,3
2044,52,2012-09-15,0,0,3
2045,52,2012-10-15,0,0,3
2046,52,2012-11-15,0,1,3
2047,52,2012-12-15,0,0,3
2048,52,2013-01-15,0,0,3
2049,52,2013-02-15,0,0,3
2050,52,2013-03-15,0,0,3
2051,52,2013-04-15,0,1,3
2052,52,2013-05-15,0,1,3
2053,52,2013-06-15,0,0,3
2054,52,2013-07-15,0,0,3
2055,52,2013-08-15,0,0,3
2056,52,2013-09-15,0,0,3
2057,52,2013-10-15,0,0,3
2058,52,2013-11-15,0,1,3
2059,52,2013-12-15,0,0,3
2060,52,2014-01-15,0,0,3
2061,52,2014-02-15,0,0,3
2062,52,2014-03-15,0,0,3
2063,52,2014-04-15,0,0,3
2064,52,2014-05-15,0,0,3
2065,52,2014-06-15,0,0,3
2066,52,2014-07-15,0,0,3
2067,52,2014-08-15,1,0,3
2068,52,2014-09-15,1,0,3
2069,52,2014-10-15,0.5,0,3
2070,52,2014-11-15,1,0,3
2071,52,2014-12-15,1,0,3
2072,52,2015-01-15,1,0,3
2073,52,2015-02-15,1,0,3
2074,52,2015-03-15,1,0,3
2075,52,2015-04-15,1,0,3
2076,52,2015-05-15,1,0,3
2077,52,2015-06-15,1,0,3
2078,52,2015-07-15,1,0,3
2079,52,2015-08-15,1,0,3
2080,52,2015-09-15,1,0,3
2081,53,2012-06-15,0,0,5
2082,53,2012-07-15,0,1,5
2083,53,2012-08-15,0,0,5
2084,53,2012-09-15,0,0,5
2085,53,2012-10-15,0,0,5
2086,53,2012-11-15,0,1,5
2087,53,2012-12-15,0,0,5
2088,53,2013-01-15,0,0,5
2089,53,2013-02-15,0,0,5
2090,53,2013-03-15,0,0,5
2091,53,2013-04-15,0,1,5
2092,53,2013-05-15,0,1,5
2093,53,2013-06-15,0,0,5
2094,53,2013-07-15,0,0,5
2095,53,2013-08-15,0,0,5
2096,53,2013-09-15,0,0,5
2097,53,2013-10-15,0,0,5
2098,53,2013-11-15,0,1,5
2099,53,2013-12-15,0,0,5
2100,53,2014-01-15,0,0,5
2101,53,2014-02-15,0,0,5
2102,53,2014-03-15,0,0,5
2103,53,2014-04-15,0,0,5
2104,53,2014-05-15,0,0,5
2105,53,2014-06-15,0,0,5
2106,53,2014-07-15,0,0,5
2107,53,2014-08-15,0.76,0,5
2108,53,2014-09-15,1,0,5
2109,53,2014-10-15,1,0,5
2110,53,2014-11-15,0.76,0,5
2111,53,2014-12-15,1,0,5
2112,53,2015-01-15,1,0,5
2113,53,2015-02-15,0.76,0,5
2114,53,2015-03-15,0.5,0,5
2115,53,2015-04-15,1,0,5
2116,53,2015-05-15,1,0,5
2117,53,2015-06-15,1,0,5
2118,53,2015-07-15,1,0,5
2119,53,2015-08-15,1,0,5
2120,53,2015-09-15,1,0,5
2121,54,2012-06-15,0,0,16
2122,54,2012-07-15,0,1,16
2123,54,2012-08-15,0,0,16
2124,54,2012-09-15,0,0,16
2125,54,2012-10-15,0,0,16
2126,54,2012-11-15,0,1,16
2127,54,2012-12-15,0,0,16
2128,54,2013-01-15,0,0,16
2129,54,2013-02-15,0,0,16
2130,54,2013-03-15,0,0,16
2131,54,2013-04-15,0,1,16
2132,54,2013-05-15,0,1,16
2133,54,2013-06-15,0,0,16
2134,54,2013-07-15,0,0,16
2135,54,2013-08-15,0,0,16
2136,54,2013-09-15,0,0,16
2137,54,2013-10-15,0,0,16
2138,54,2013-11-15,0,1,16
2139,54,2013-12-15,0,0,16
2140,54,2014-01-15,0,0,16
2141,54,2014-02-15,0,0,16
2142,54,2014-03-15,0,0,16
2143,54,2014-04-15,0,0,16
2144,54,2014-05-15,0,0,16
2145,54,2014-06-15,0,0,16
2146,54,2014-07-15,0,0,16
2147,54,2014-08-15,1,0,16
2148,54,2014-09-15,1,0,16
2149,54,2014-10-15,1,0,16
2150,54,2014-11-15,0.76,0,16
2151,54,2014-12-15,0.5,0,16
2152,54,2015-01-15,1,0,16
2153,54,2015-02-15,1,0,16
2154,54,2015-03-15,1,0,16
2155,54,2015-04-15,1,0,16
2156,54,2015-05-15,1,0,16
2157,54,2015-06-15,1,0,16
2158,54,2015-07-15,0.5,0,16
2159,54,2015-08-15,0.5,0,16
2160,54,2015-09-15,0.76,0,16
2161,55,2012-06-15,19,0,19
2162,55,2012-07-15,20,0,19
2163,55,2012-08-15,20.5,0,19
2164,55,2012-09-15,20.28,0,19
2165,55,2012-10-15,19,0,19
2166,55,2012-11-15,21.5,0,19
2167,55,2012-12-15,22.26,0,19
2168,55,2013-01-15,19.02,0,19
2169,55,2013-02-15,22.5,0,19
2170,55,2013-03-15,21.02,0,19
2171,55,2013-04-15,20.76,0,19
2172,55,2013-05-15,21.02,0,19
2173,55,2013-06-15,20.76,0,19
2174,55,2013-07-15,20.52,0,19
2175,55,2013-08-15,20.5,0,19
2176,55,2013-09-15,19.02,0,19
2177,55,2013-10-15,19.5,0,19
2178,55,2013-11-15,19.5,0,19
2179,55,2013-12-15,21,0,19
2180,55,2014-01-15,21,0,19
2181,55,2014-02-15,19,0,19
2182,55,2014-03-15,19.52,0,19
2183,55,2014-04-15,20.76,0,19
2184,55,2014-05-15,19.5,0,19
2185,55,2014-06-15,18.76,0,19
2186,55,2014-07-15,19,0,19
2187,55,2014-08-15,20,0,19
2188,55,2014-09-15,20,0,19
2189,55,2014-10-15,17.26,0,19
2190,55,2014-11-15,18,0,19
2191,55,2014-12-15,18.5,0,19
2192,55,2015-01-15,17.5,0,19
2193,55,2015-02-15,19.28,0,19
2194,55,2015-03-15,19.5,0,19
2195,55,2015-04-15,18,0,19
2196,55,2015-05-15,18.76,0,19
2197,55,2015-06-15,17.5,0,19
2198,55,2015-07-15,19.5,0,19
2199,55,2015-08-15,20,0,19
2200,55,2015-09-15,21,0,19
2201,56,2012-06-15,1,0,13
2202,56,2012-07-15,1,1,13
2203,56,2012-08-15,1,0,13
2204,56,2012-09-15,1,0,13
2205,56,2012-10-15,0.76,0,13
2206,56,2012-11-15,0.8819672131147541,1,13
2207,56,2012-12-15,1,0,13
2208,56,2013-01-15,1,0,13
2209,56,2013-02-15,1,0,13
2210,56,2013-03-15,0.5,0,13
2211,56,2013-04-15,0.6684782608695652,1,13
2212,56,2013-05-15,0.8315217391304348,1,13
2213,56,2013-06-15,1,0,13
2214,56,2013-07-15,1,0,13
2215,56,2013-08-15,1,0,13
2216,56,2013-09-15,1,0,13
2217,56,2013-10-15,1,0,13
2218,56,2013-11-15,1,1,13
2219,56,2013-12-15,1,0,13
2220,56,2014-01-15,1,0,13
2221,56,2014-02-15,1,0,13
2222,56,2014-03-15,1,0,13
2223,56,2014-04-15,1,0,13
2224,56,2014-05-15,1,0,13
2225,56,2014-06-15,1,0,13
2226,56,2014-07-15,1,0,13
2227,56,2014-08-15,0.5,0,13
2228,56,2014-09-15,1,0,13
2229,56,2014-10-15,0.5,0,13
2230,56,2014-11-15,1,0,13
2231,56,2014-12-15,1,0,13
2232,56,2015-01-15,1,0,13
2233,56,2015-02-15,1,0,13
2234,56,2015-03-15,1,0,13
2235,56,2015-04-15,1,0,13
2236,56,2015-05-15,1,0,13
2237,56,2015-06-15,1,0,13
2238,56,2015-07-15,0,0,13
2239,56,2015-08-15,0,0,13
2240,56,2015-09-15,0,0,13
2241,57,2012-06-15,0,0,5
2242,57,2012-07-15,0,1,5
2243,57,2012-08-15,0,0,5
2244,57,2012-09-15,0,0,5
2245,57,2012-10-15,0,0,5
2246,57,2012-11-15,0,1,5
2247,57,2012-12-15,0,0,5
2248,57,2013-01-15,0,0,5
2249,57,2013-02-15,0,0,5
2250,57,2013-03-15,0,0,5
2251,57,2013-04-15,0,1,5
2252,57,2013-05-15,0,1,5
2253,57,2013-06-15,0,0,5
2254,57,2013-07-15,0,0,5
2255,57,2013-08-15,0,0,5
2256,57,2013-09-15,0,0,5
2257,57,2013-10-15,0,0,5
2258,57,2013-11-15,0,1,5
2259,57,2013-12-15,0,0,5
2260,57,2014-01-15,0,0,5
2261,57,2014-02-15,0,0,5
2262,57,2014-03-15,0,0,5
2263,57,2014-04-15,0,0,5
2264,57,2014-05-15,0,0,5
2265,57,2014-06-15,0,0,5
2266,57,2014-07-15,0,0,5
2267,57,2014-08-15,1,0,5
2268,57,2014-09-15,1,0,5
2269,57,2014-10-15,1,0,5
2270,57,2014-11-15,1,0,5
2271,57,2014-12-15,1,0,5
2272,57,2015-01-15,1,0,5
2273,57,2015-02-15,1,0,5
2274,57,2015-03-15,1,0,5
2275,57,2015-04-15,1,0,5
2276,57,2015-05-15,1,0,5
2277,57,2015-06-15,1,0,5
2278,57,2015-07-15,1,0,5
2279,57,2015-08-15,1,0,5
2280,57,2015-09-15,1,0,5
2281,58,2012-06-15,2,0,18
2282,58,2012-07-15,2,1,18
2283,58,2012-08-15,2,0,18
2284,58,2012-09-15,2,0,18
2285,58,2012-10-15,2,0,18
2286,58,2012-11-15,2,1,18
2287,58,2012-12-15,2,0,18
2288,58,2013-01-15,1.5,0,18
2289,58,2013-02-15,2,0,18
2290,58,2013-03-15,1.5,0,18
2291,58,2013-04-15,1.6684782608695652,1,18
2292,58,2013-05-15,1.8315217391304348,1,18
2293,58,2013-06-15,2,0,18
2294,58,2013-07-15,1.5,0,18
2295,58,2013-08-15,2,0,18
2296,58,2013-09-15,2,0,18
2297,58,2013-10-15,2,0,18
2298,58,2013-11-15,2,1,18
2299,58,2013-12-15,2,0,18
2300,58,2014-01-15,2,0,18
2301,58,2014-02-15,2,0,18
2302,58,2014-03-15,2,0,18
2303,58,2014-04-15,2,0,18
2304,58,2014-05-15,2,0,18
2305,58,2014-06-15,2,0,18
2306,58,2014-07-15,2,0,18
2307,58,2014-08-15,2,0,18
2308,58,2014-09-15,2,0,18
2309,58,2014-10-15,2,0,18
2310,58,2014-11-15,2,0,18
2311,58,2014-12-15,2,0,18
2312,58,2015-01-15,1.5,0,18
2313,58,2015-02-15,2,0,18
2314,58,2015-03-15,2,0,18
2315,58,2015-04-15,2,0,18
2316,58,2015-05-15,2,0,18
2317,58,2015-06-15,2,0,18
2318,58,2015-07-15,2,0,18
2319,58,2015-08-15,2,0,18
2320,58,2015-09-15,1.5,0,18
2321,59,2012-06-15,0,0,3
2322,59,2012-07-15,0,1,3
2323,59,2012-08-15,0,0,3
2324,59,2012-09-15,0,0,3
2325,59,2012-10-15,0,0,3
2326,59,2012-11-15,0,1,3
2327,59,2012-12-15,0,0,3
2328,59,2013-01-15,0,0,3
2329,59,2013-02-15,0,0,3
2330,59,2013-03-15,0,0,3
2331,59,2013-04-15,0,1,3
2332,59,2013-05-15,0,1,3
2333,59,2013-06-15,0,0,3
2334,59,2013-07-15,0,0,3
2335,59,2013-08-15,0,0,3
2336,59,2013-09-15,0,0,3
2337,59,2013-10-15,0,0,3
2338,59,2013-11-15,0,1,3
2339,59,2013-12-15,0,0,3
2340,59,2014-01-15,0,0,3
2341,59,2014-02-15,0,0,3
2342,59,2014-03-15,0,0,3
2343,59,2014-04-15,0,0,3
2344,59,2014-05-15,0,0,3
2345,59,2014-06-15,0,0,3
2346,59,2014-07-15,0,0,3
2347,59,2014-08-15,0,0,3
2348,59,2014-09-15,0,0,3
2349,59,2014-10-15,0,0,3
2350,59,2014-11-15,0,0,3
2351,59,2014-12-15,0,0,3
2352,59,2015-01-15,0,0,3
2353,59,2015-02-15,0,0,3
2354,59,2015-03-15,0,0,3
2355,59,2015-04-15,0,0,3
2356,59,2015-05-15,0,0,3
2357,59,2015-06-15,0,0,3
2358,59,2015-07-15,0,0,3
2359,59,2015-08-15,0,0,3
2360,59,2015-09-15,0,0,3
2361,60,2012-06-15,3,0,3
2362,60,2012-07-15,3,1,3
2363,60,2012-08-15,3,0,3
2364,60,2012-09-15,3,0,3
2365,60,2012-10-15,3,0,3
2366,60,2012-11-15,3,1,3
2367,60,2012-12-15,3,0,3
2368,60,2013-01-15,3,0,3
2369,60,2013-02-15,3,0,3
2370,60,2013-03-15,3,0,3
2371,60,2013-04-15,3,1,3
2372,60,2013-05-15,3,1,3
2373,60,2013-06-15,3,0,3
2374,60,2013-07-15,2.5,0,3
2375,60,2013-08-15,3,0,3
2376,60,2013-09-15,3,0,3
2377,60,2013-10-15,2.76,0,3
2378,60,2013-11-15,2.881967213114754,1,3
2379,60,2013-12-15,3,0,3
2380,60,2014-01-15,3,0,3
2381,60,2014-02-15,2.5,0,3
2382,60,2014-03-15,3,0,3
2383,60,2014-04-15,3,0,3
2384,60,2014-05-15,3,0,3
2385,60,2014-06-15,3,0,3
2386,60,2014-07-15,1,0,3
2387,60,2014-08-15,1.76,0,3
2388,60,2014-09-15,3,0,3
2389,60,2014-10-15,3,0,3
2390,60,2014-11-15,2.5,0,3
2391,60,2014-12-15,2.5,0,3
2392,60,2015-01-15,3,0,3
2393,60,2015-02-15,2,0,3
2394,60,2015-03-15,2,0,3
2395,60,2015-04-15,2,0,3
2396,60,2015-05-15,2,0,3
2397,60,2015-06-15,2,0,3
2398,60,2015-07-15,1.5,0,3
2399,60,2015-08-15,3,0,3
2400,60,2015-09-15,3,0,3
2401,61,2012-06-15,2,0,4
2402,61,2012-07-15,2,1,4
2403,61,2012-08-15,2,0,4
2404,61,2012-09-15,1.5,0,4
2405,61,2012-10-15,2,0,4
2406,61,2012-11-15,1.7459016393442623,1,4
2407,61,2012-12-15,1.5,0,4
2408,61,2013-01-15,2,0,4
2409,61,2013-02-15,2,0,4
2410,61,2013-03-15,2,0,4
2411,61,2013-04-15,1.8315217391304348,1,4
2412,61,2013-05-15,1.6684782608695652,1,4
2413,61,2013-06-15,1.5,0,4
2414,61,2013-07-15,2,0,4
2415,61,2013-08-15,2,0,4
2416,61,2013-09-15,2,0,4
2417,61,2013-10-15,2,0,4
2418,61,2013-11-15,2,1,4
2419,61,2013-12-15,2,0,4
2420,61,2014-01-15,2,0,4
2421,61,2014-02-15,2,0,4
2422,61,2014-03-15,2,0,4
2423,61,2014-04-15,2,0,4
2424,61,2014-05-15,2,0,4
2425,61,2014-06-15,1.76,0,4
2426,61,2014-07-15,2,0,4
2427,61,2014-08-15,2,0,4
2428,61,2014-09-15,2,0,4
2429,61,2014-10-15,2,0,4
2430,61,2014-11-15,2,0,4
2431,61,2014-12-15,1.5,0,4
2432,61,2015-01-15,2,0,4
2433,61,2015-02-15,2,0,4
2434,61,2015-03-15,2,0,4
2435,61,2015-04-15,2,0,4
2436,61,2015-05-15,2,0,4
2437,61,2015-06-15,2,0,4
2438,61,2015-07-15,1,0,4
2439,61,2015-08-15,1,0,4
2440,61,2015-09-15,1,0,4
2441,62,2012-06-15,1,0,4
2442,62,2012-07-15,1,1,4
2443,62,2012-08-15,1,0,4
2444,62,2012-09-15,1,0,4
2445,62,2012-10-15,1,0,4
2446,62,2012-11-15,0.4918032786885246,1,4
2447,62,2012-12-15,0,0,4
2448,62,2013-01-15,0,0,4
2449,62,2013-02-15,0,0,4
2450,62,2013-03-15,0,0,4
2451,62,2013-04-15,0.33695652173913043,1,4
2452,62,2013-05-15,0.6630434782608695,1,4
2453,62,2013-06-15,1,0,4
2454,62,2013-07-15,1,0,4
2455,62,2013-08-15,0,0,4
2456,62,2013-09-15,0,0,4
2457,62,2013-10-15,0,0,4
2458,62,2013-11-15,0,1,4
2459,62,2013-12-15,0,0,4
2460,62,2014-01-15,1,0,4
2461,62,2014-02-15,1,0,4
2462,62,2014-03-15,1,0,4
2463,62,2014-04-15,1,0,4
2464,62,2014-05-15,1,0,4
2465,62,2014-06-15,1,0,4
2466,62,2014-07-15,0.5,0,4
2467,62,2014-08-15,1,0,4
2468,62,2014-09-15,1,0,4
2469,62,2014-10-15,1,0,4
2470,62,2014-11-15,1,0,4
2471,62,2014-12-15,1,0,4
2472,62,2015-01-15,1,0,4
2473,62,2015-02-15,1,0,4
2474,62,2015-03-15,1,0,4
2475,62,2015-04-15,1,0,4
2476,62,2015-05-15,1,0,4
2477,62,2015-06-15,1,0,4
2478,62,2015-07-15,0.5,0,4
2479,62,2015-08-15,0,0,4
2480,62,2015-09-15,0,0,4
2481,63,2012-06-15,3,0,16
2482,63,2012-07-15,3,1,16
2483,63,2012-08-15,3,0,16
2484,63,2012-09-15,2.5,0,16
2485,63,2012-10-15,3,0,16
2486,63,2012-11-15,3,1,16
2487,63,2012-12-15,3,0,16
2488,63,2013-01-15,2.5,0,16
2489,63,2013-02-15,3,0,16
2490,63,2013-03-15,2,0,16
2491,63,2013-04-15,2,1,16
2492,63,2013-05-15,2,1,16
2493,63,2013-06-15,2,0,16
2494,63,2013-07-15,2,0,16
2495,63,2013-08-15,2,0,16
2496,63,2013-09-15,2,0,16
2497,63,2013-10-15,2,0,16
2498,63,2013-11-15,2,1,16
2499,63,2013-12-15,2,0,16
2500,63,2014-01-15,1.76,0,16
2501,63,2014-02-15,2,0,16
2502,63,2014-03-15,2,0,16
2503,63,2014-04-15,2,0,16
2504,63,2014-05-15,2,0,16
2505,63,2014-06-15,2,0,16
2506,63,2014-07-15,2,0,16
2507,63,2014-08-15,2,0,16
2508,63,2014-09-15,2,0,16
2509,63,2014-10-15,2,0,16
2510,63,2014-11-15,2,0,16
2511,63,2014-12-15,2,0,16
2512,63,2015-01-15,2,0,16
2513,63,2015-02-15,2,0,16
2514,63,2015-03-15,2,0,16
2515,63,2015-04-15,2,0,16
2516,63,2015-05-15,2,0,16
2517,63,2015-06-15,2,0,16
2518,63,2015-07-15,2,0,16
2519,63,2015-08-15,1.5,0,16
2520,63,2015-09-15,2,0,16
2521,64,2012-06-15,0,0,6
2522,64,2012-07-15,0,1,6
2523,64,2012-08-15,0,0,6
2524,64,2012-09-15,0,0,6
2525,64,2012-10-15,0,0,6
2526,64,2012-11-15,0,1,6
2527,64,2012-12-15,0,0,6
2528,64,2013-01-15,0,0,6
2529,64,2013-02-15,0,0,6
2530,64,2013-03-15,0,0,6
2531,64,2013-04-15,0,1,6
2532,64,2013-05-15,0,1,6
2533,64,2013-06-15,0,0,6
2534,64,2013-07-15,0,0,6
2535,64,2013-08-15,0,0,6
2536,64,2013-09-15,0,0,6
2537,64,2013-10-15,0,0,6
2538,64,2013-11-15,0,1,6
2539,64,2013-12-15,0,0,6
2540,64,2014-01-15,0,0,6
2541,64,2014-02-15,0,0,6
2542,64,2014-03-15,0,0,6
2543,64,2014-04-15,0,0,6
2544,64,2014-05-15,0,0,6
2545,64,2014-06-15,0,0,6
2546,64,2014-07-15,0,0,6
2547,64,2014-08-15,1,0,6
2548,64,2014-09-15,1,0,6
2549,64,2014-10-15,1,0,6
2550,64,2014-11-15,1,0,6
2551,64,2014-12-15,1,0,6
2552,64,2015-01-15,1,0,6
2553,64,2015-02-15,1,0,6
2554,64,2015-03-15,1,0,6
2555,64,2015-04-15,1,0,6
2556,64,2015-05-15,1,0,6
2557,64,2015-06-15,1,0,6
2558,64,2015-07-15,1,0,6
2559,64,2015-08-15,1,0,6
2560,64,2015-09-15,1,0,6
2561,65,2012-06-15,0,0,14
2562,65,2012-07-15,0,1,14
2563,65,2012-08-15,0,0,14
2564,65,2012-09-15,0,0,14
2565,65,2012-10-15,0,0,14
2566,65,2012-11-15,0,1,14
2567,65,2012-12-15,0,0,14
2568,65,2013-01-15,0,0,14
2569,65,2013-02-15,0,0,14
2570,65,2013-03-15,0,0,14
2571,65,2013-04-15,0,1,14
2572,65,2013-05-15,0,1,14
2573,65,2013-06-15,0,0,14
2574,65,2013-07-15,0,0,14
2575,65,2013-08-15,0,0,14
2576,65,2013-09-15,0,0,14
2577,65,2013-10-15,0,0,14
2578,65,2013-11-15,0,1,14
2579,65,2013-12-15,0,0,14
2580,65,2014-01-15,0,0,14
2581,65,2014-02-15,0,0,14
2582,65,2014-03-15,0,0,14
2583,65,2014-04-15,0,0,14
2584,65,2014-05-15,0,0,14
2585,65,2014-06-15,0,0,14
2586,65,2014-07-15,0,0,14
2587,65,2014-08-15,0.76,0,14
2588,65,2014-09-15,0.5,0,14
2589,65,2014-10-15,1,0,14
2590,65,2014-11-15,1,0,14
2591,65,2014-12-15,1,0,14
2592,65,2015-01-15,1,0,14
2593,65,2015-02-15,0.5,0,14
2594,65,2015-03-15,0.5,0,14
2595,65,2015-04-15,1,0,14
2596,65,2015-05-15,1,0,14
2597,65,2015-06-15,1,0,14
2598,65,2015-07-15,1,0,14
2599,65,2015-08-15,0.76,0,14
2600,65,2015-09-15,1,0,14
2601,66,2012-06-15,4,0,5
2602,66,2012-07-15,4,1,5
2603,66,2012-08-15,4,0,5
2604,66,2012-09-15,4,0,5
2605,66,2012-10-15,3.76,0,5
2606,66,2012-11-15,3.881967213114754,1,5
2607,66,2012-12-15,4,0,5
2608,66,2013-01-15,4,0,5
2609,66,2013-02-15,4,0,5
2610,66,2013-03-15,3.5,0,5
2611,66,2013-04-15,3.6684782608695654,1,5
2612,66,2013-05-15,3.8315217391304346,1,5
2613,66,2013-06-15,4,0,5
2614,66,2013-07-15,4,0,5
2615,66,2013-08-15,4,0,5
2616,66,2013-09-15,3,0,5
2617,66,2013-10-15,4,0,5
2618,66,2013-11-15,3.4918032786885247,1,5
2619,66,2013-12-15,3,0,5
2620,66,2014-01-15,4,0,5
2621,66,2014-02-15,4,0,5
2622,66,2014-03-15,4,0,5
2623,66,2014-04-15,4,0,5
2624,66,2014-05-15,4,0,5
2625,66,2014-06-15,4,0,5
2626,66,2014-07-15,4,0,5
2627,66,2014-08-15,3.76,0,5
2628,66,2014-09-15,3.5,0,5
2629,66,2014-10-15,4,0,5
2630,66,2014-11-15,3.26,0,5
2631,66,2014-12-15,3.5,0,5
2632,66,2015-01-15,4,0,5
2633,66,2015-02-15,3.5,0,5
2634,66,2015-03-15,3.76,0,5
2635,66,2015-04-15,3,0,5
2636,66,2015-05-15,4,0,5
2637,66,2015-06-15,4,0,5
2638,66,2015-07-15,3.5,0,5
2639,66,2015-08-15,4,0,5
2640,66,2015-09-15,4,0,5
2641,67,2012-06-15,2,0,16
2642,67,2012-07-15,2,1,16
2643,67,2012-08-15,2,0,16
2644,67,2012-09-15,2,0,16
2645,67,2012-10-15,2,0,16
2646,67,2012-11-15,1.7560655737704918,1,16
2647,67,2012-12-15,1.52,0,16
2648,67,2013-01-15,2,0,16
2649,67,2013-02-15,2,0,16
2650,67,2013-03-15,2,0,16
2651,67,2013-04-15,2,1,16
2652,67,2013-05-15,2,1,16
2653,67,2013-06-15,2,0,16
2654,67,2013-07-15,1.26,0,16
2655,67,2013-08-15,1.5,0,16
2656,67,2013-09-15,2,0,16
2657,67,2013-10-15,2,0,16
2658,67,2013-11-15,2,1,16
2659,67,2013-12-15,2,0,16
2660,67,2014-01-15,2,0,16
2661,67,2014-02-15,2,0,16
2662,67,2014-03-15,2,0,16
2663,67,2014-04-15,2,0,16
2664,67,2014-05-15,2,0,16
2665,67,2014-06-15,2,0,16
2666,67,2014-07-15,1.76,0,16
2667,67,2014-08-15,2,0,16
2668,67,2014-09-15,2,0,16
2669,67,2014-10-15,2,0,16
2670,67,2014-11-15,1.5,0,16
2671,67,2014-12-15,2,0,16
2672,67,2015-01-15,1.5,0,16
2673,67,2015-02-15,2,0,16
2674,67,2015-03-15,2,0,16
2675,67,2015-04-15,2,0,16
2676,67,2015-05-15,2,0,16
2677,67,2015-06-15,2,0,16
2678,67,2015-07-15,1.26,0,16
2679,67,2015-08-15,1.76,0,16
2680,67,2015-09-15,2,0,16
2681,68,2012-06-15,0,0,11
2682,68,2012-07-15,0,1,11
2683,68,2012-08-15,0,0,11
2684,68,2012-09-15,0,0,11
2685,68,2012-10-15,1,0,11
2686,68,2012-11-15,0.7459016393442623,1,11
2687,68,2012-12-15,0.5,0,11
2688,68,2013-01-15,1,0,11
2689,68,2013-02-15,1,0,11
2690,68,2013-03-15,1,0,11
2691,68,2013-04-15,1,1,11
2692,68,2013-05-15,1,1,11
2693,68,2013-06-15,1,0,11
2694,68,2013-07-15,1,0,11
2695,68,2013-08-15,1,0,11
2696,68,2013-09-15,1,0,11
2697,68,2013-10-15,0.5,0,11
2698,68,2013-11-15,0.7540983606557377,1,11
2699,68,2013-12-15,1,0,11
2700,68,2014-01-15,1,0,11
2701,68,2014-02-15,1,0,11
2702,68,2014-03-15,1,0,11
2703,68,2014-04-15,1,0,11
2704,68,2014-05-15,1,0,11
2705,68,2014-06-15,1,0,11
2706,68,2014-07-15,1,0,11
2707,68,2014-08-15,1,0,11
2708,68,2014-09-15,1,0,11
2709,68,2014-10-15,0.5,0,11
2710,68,2014-11-15,1,0,11
2711,68,2014-12-15,1,0,11
2712,68,2015-01-15,1,0,11
2713,68,2015-02-15,1,0,11
2714,68,2015-03-15,1,0,11
2715,68,2015-04-15,1,0,11
2716,68,2015-05-15,1,0,11
2717,68,2015-06-15,1,0,11
2718,68,2015-07-15,1,0,11
2719,68,2015-08-15,1,0,11
2720,68,2015-09-15,1,0,11
2721,69,2012-06-15,1,0,9
2722,69,2012-07-15,0.5081967213114754,1,9
2723,69,2012-08-15,0,0,9
2724,69,2012-09-15,0,0,9
2725,69,2012-10-15,0,0,9
2726,69,2012-11-15,0.5081967213114754,1,9
2727,69,2012-12-15,1,0,9
2728,69,2013-01-15,0.5,0,9
2729,69,2013-02-15,1,0,9
2730,69,2013-03-15,1,0,9
2731,69,2013-04-15,1,1,9
2732,69,2013-05-15,1,1,9
2733,69,2013-06-15,1,0,9
2734,69,2013-07-15,1,0,9
2735,69,2013-08-15,1,0,9
2736,69,2013-09-15,1,0,9
2737,69,2013-10-15,1,0,9
2738,69,2013-11-15,1,1,9
2739,69,2013-12-15,1,0,9
2740,69,2014-01-15,1,0,9
2741,69,2014-02-15,1,0,9
2742,69,2014-03-15,1,0,9
2743,69,2014-04-15,1,0,9
2744,69,2014-05-15,0,0,9
2745,69,2014-06-15,1,0,9
2746,69,2014-07-15,0,0,9
2747,69,2014-08-15,0,0,9
2748,69,2014-09-15,0,0,9
2749,69,2014-10-15,0,0,9
2750,69,2014-11-15,1,0,9
2751,69,2014-12-15,1,0,9
2752,69,2015-01-15,1,0,9
2753,69,2015-02-15,0.76,0,9
2754,69,2015-03-15,1,0,9
2755,69,2015-04-15,1,0,9
2756,69,2015-05-15,1,0,9
2757,69,2015-06-15,1,0,9
2758,69,2015-07-15,1,0,9
2759,69,2015-08-15,0.5,0,9
2760,69,2015-09-15,1,0,9
2761,70,2012-06-15,0,0,2
2762,70,2012-07-15,0,1,2
2763,70,2012-08-15,0,0,2
2764,70,2012-09-15,0,0,2
2765,70,2012-10-15,0,0,2
2766,70,2012-11-15,0.5081967213114754,1,2
2767,70,2012-12-15,1,0,2
2768,70,2013-01-15,1,0,2
2769,70,2013-02-15,1,0,2
2770,70,2013-03-15,0,0,2
2771,70,2013-04-15,0,1,2
2772,70,2013-05-15,0,1,2
2773,70,2013-06-15,0,0,2
2774,70,2013-07-15,0,0,2
2775,70,2013-08-15,0,0,2
2776,70,2013-09-15,0,0,2
2777,70,2013-10-15,0,0,2
2778,70,2013-11-15,0,1,2
2779,70,2013-12-15,0,0,2
2780,70,2014-01-15,0,0,2
2781,70,2014-02-15,1,0,2
2782,70,2014-03-15,0,0,2
2783,70,2014-04-15,1,0,2
2784,70,2014-05-15,1,0,2
2785,70,2014-06-15,0,0,2
2786,70,2014-07-15,0,0,2
2787,70,2014-08-15,2,0,2
2788,70,2014-09-15,2,0,2
2789,70,2014-10-15,2,0,2
2790,70,2014-11-15,2,0,2
2791,70,2014-12-15,2,0,2
2792,70,2015-01-15,2,0,2
2793,70,2015-02-15,1.76,0,2
2794,70,2015-03-15,2,0,2
2795,70,2015-04-15,2,0,2
2796,70,2015-05-15,2,0,2
2797,70,2015-06-15,2,0,2
2798,70,2015-07-15,2,0,2
2799,70,2015-08-15,2,0,2
2800,70,2015-09-15,2,0,2
2801,71,2012-06-15,0,0,14
2802,71,2012-07-15,0,1,14
2803,71,2012-08-15,0,0,14
2804,71,2012-09-15,0,0,14
2805,71,2012-10-15,0,0,14
2806,71,2012-11-15,0,1,14
2807,71,2012-12-15,0,0,14
2808,71,2013-01-15,0,0,14
2809,71,2013-02-15,0,0,14
2810,71,2013-03-15,0,0,14
2811,71,2013-04-15,0,1,14
2812,71,2013-05-15,0,1,14
2813,71,2013-06-15,0,0,14
2814,71,2013-07-15,0,0,14
2815,71,2013-08-15,0,0,14
2816,71,2013-09-15,0,0,14
2817,71,2013-10-15,0,0,14
2818,71,2013-11-15,0,1,14
2819,71,2013-12-15,0,0,14
2820,71,2014-01-15,0,0,14
2821,71,2014-02-15,0,0,14
2822,71,2014-03-15,0,0,14
2823,71,2014-04-15,0,0,14
2824,71,2014-05-15,0,0,14
2825,71,2014-06-15,0,0,14
2826,71,2014-07-15,0,0,14
2827,71,2014-08-15,1,0,14
2828,71,2014-09-15,1,0,14
2829,71,2014-10-15,1,0,14
2830,71,2014-11-15,1,0,14
2831,71,2014-12-15,1,0,14
2832,71,2015-01-15,1,0,14
2833,71,2015-02-15,1,0,14
2834,71,2015-03-15,1,0,14
2835,71,2015-04-15,1,0,14
2836,71,2015-05-15,1,0,14
2837,71,2015-06-15,0.5,0,14
2838,71,2015-07-15,0.5,0,14
2839,71,2015-08-15,1,0,14
2840,71,2015-09-15,1,0,14
2841,72,2012-06-15,25.5,0,20
2842,72,2012-07-15,25.5,0,20
2843,72,2012-08-15,25.5,0,20
2844,72,2012-09-15,26.5,0,20
2845,72,2012-10-15,25.5,0,20
2846,72,2012-11-15,23.5,0,20
2847,72,2012-12-15,23.5,0,20
2848,72,2013-01-15,23.5,0,20
2849,72,2013-02-15,23.5,0,20
2850,72,2013-03-15,23.5,0,20
2851,72,2013-04-15,22.5,0,20
2852,72,2013-05-15,21.5,0,20
2853,72,2013-06-15,21.5,0,20
2854,72,2013-07-15,21.5,0,20
2855,72,2013-08-15,21.5,0,20
2856,72,2013-09-15,20.5,0,20
2857,72,2013-10-15,20.5,0,20
2858,72,2013-11-15,19.5,0,20
2859,72,2013-12-15,18.5,0,20
2860,72,2014-01-15,21,0,20
2861,72,2014-02-15,21,0,20
2862,72,2014-03-15,21,0,20
2863,72,2014-04-15,21,0,20
2864,72,2014-05-15,20,0,20
2865,72,2014-06-15,22,0,20
2866,72,2014-07-15,24,0,20
2867,72,2014-08-15,23,0,20
2868,72,2014-09-15,22,0,20
2869,72,2014-10-15,22,0,20
2870,72,2014-11-15,21,0,20
2871,72,2014-12-15,19,0,20
2872,72,2015-01-15,19,0,20
2873,72,2015-02-15,19,0,20
2874,72,2015-03-15,20,0,20
2875,72,2015-04-15,19,0,20
2876,72,2015-05-15,19,0,20
2877,72,2015-06-15,19,0,20
2878,72,2015-07-15,19,0,20
2879,72,2015-08-15,19,0,20
2880,72,2015-09-15,19,1,20
2881,73,2012-06-15,0,0,11
2882,73,2012-07-15,0,1,11
2883,73,2012-08-15,0,0,11
2884,73,2012-09-15,0,0,11
2885,73,2012-10-15,0,0,11
2886,73,2012-11-15,0,1,11
2887,73,2012-12-15,0,0,11
2888,73,2013-01-15,0,0,11
2889,73,2013-02-15,0,0,11
2890,73,2013-03-15,0,0,11
2891,73,2013-04-15,0,1,11
2892,73,2013-05-15,0,1,11
2893,73,2013-06-15,0,0,11
2894,73,2013-07-15,0,0,11
2895,73,2013-08-15,0,0,11
2896,73,2013-09-15,0,0,11
2897,73,2013-10-15,0,0,11
2898,73,2013-11-15,0,1,11
2899,73,2013-12-15,0,0,11
2900,73,2014-01-15,0,0,11
2901,73,2014-02-15,0,0,11
2902,73,2014-03-15,0,0,11
2903,73,2014-04-15,0,0,11
2904,73,2014-05-15,0,0,11
2905,73,2014-06-15,0,0,11
2906,73,2014-07-15,0,0,11
2907,73,2014-08-15,0,0,11
2908,73,2014-09-15,0,0,11
2909,73,2014-10-15,0,0,11
2910,73,2014-11-15,0,0,11
2911,73,2014-12-15,0,0,11
2912,73,2015-01-15,0,0,11
2913,73,2015-02-15,0,0,11
2914,73,2015-03-15,0,0,11
2915,73,2015-04-15,0,0,11
2916,73,2015-05-15,0,0,11
2917,73,2015-06-15,0,0,11
2918,73,2015-07-15,0,0,11
2919,73,2015-08-15,0,0,11
2920,73,2015-09-15,0,0,11
2921,74,2012-06-15,1,0,5
2922,74,2012-07-15,1,1,5
2923,74,2012-08-15,1,0,5
2924,74,2012-09-15,1,0,5
2925,74,2012-10-15,1,0,5
2926,74,2012-11-15,0.8780327868852459,1,5
2927,74,2012-12-15,0.76,0,5
2928,74,2013-01-15,1,0,5
2929,74,2013-02-15,1,0,5
2930,74,2013-03-15,1,0,5
2931,74,2013-04-15,1,1,5
2932,74,2013-05-15,1,1,5
2933,74,2013-06-15,1,0,5
2934,74,2013-07-15,1,0,5
2935,74,2013-08-15,1,0,5
2936,74,2013-09-15,1,0,5
2937,74,2013-10-15,1,0,5
2938,74,2013-11-15,1,1,5
2939,74,2013-12-15,1,0,5
2940,74,2014-01-15,1,0,5
2941,74,2014-02-15,1,0,5
2942,74,2014-03-15,1,0,5
2943,74,2014-04-15,0.5,0,5
2944,74,2014-05-15,0.5,0,5
2945,74,2014-06-15,1,0,5
2946,74,2014-07-15,1,0,5
2947,74,2014-08-15,1,0,5
2948,74,2014-09-15,0.5,0,5
2949,74,2014-10-15,1,0,5
2950,74,2014-11-15,1,0,5
2951,74,2014-12-15,1,0,5
2952,74,2015-01-15,1,0,5
2953,74,2015-02-15,1,0,5
2954,74,2015-03-15,1,0,5
2955,74,2015-04-15,1,0,5
2956,74,2015-05-15,1,0,5
2957,74,2015-06-15,1,0,5
2958,74,2015-07-15,1,0,5
2959,74,2015-08-15,1,0,5
2960,74,2015-09-15,1,0,5
2961,75,2012-06-15,0,0,10
2962,75,2012-07-15,0,1,10
2963,75,2012-08-15,0,0,10
2964,75,2012-09-15,0,0,10
2965,75,2012-10-15,0,0,10
2966,75,2012-11-15,0,1,10
2967,75,2012-12-15,0,0,10
2968,75,2013-01-15,0,0,10
2969,75,2013-02-15,0,0,10
2970,75,2013-03-15,0,0,10
2971,75,2013-04-15,0,1,10
2972,75,2013-05-15,0,1,10
2973,75,2013-06-15,0,0,10
2974,75,2013-07-15,0,0,10
2975,75,2013-08-15,0,0,10
2976,75,2013-09-15,0,0,10
2977,75,2013-10-15,0,0,10
2978,75,2013-11-15,0,1,10
2979,75,2013-12-15,0,0,10
2980,75,2014-01-15,0,0,10
2981,75,2014-02-15,0,0,10
2982,75,2014-03-15,0,0,10
2983,75,2014-04-15,0,0,10
2984,75,2014-05-15,0,0,10
2985,75,2014-06-15,0,0,10
2986,75,2014-07-15,0,0,10
2987,75,2014-08-15,0,0,10
2988,75,2014-09-15,0,0,10
2989,75,2014-10-15,0,0,10
2990,75,2014-11-15,0,0,10
2991,75,2014-12-15,0,0,10
2992,75,2015-01-15,0,0,10
2993,75,2015-02-15,0,0,10
2994,75,2015-03-15,0,0,10
2995,75,2015-04-15,0,0,10
2996,75,2015-05-15,0,0,10
2997,75,2015-06-15,0,0,10
2998,75,2015-07-15,0,0,10
2999,75,2015-08-15,0,0,10
3000,75,2015-09-15,0,0,10
3001,76,2012-06-15,0,0,2
3002,76,2012-07-15,0,1,2
3003,76,2012-08-15,0,0,2
3004,76,2012-09-15,0,0,2
3005,76,2012-10-15,0,0,2
3006,76,2012-11-15,0,1,2
3007,76,2012-12-15,0,0,2
3008,76,2013-01-15,0,0,2
3009,76,2013-02-15,0,0,2
3010,76,2013-03-15,0,0,2
3011,76,2013-04-15,0,1,2
3012,76,2013-05-15,0,1,2
3013,76,2013-06-15,0,0,2
3014,76,2013-07-15,0,0,2
3015,76,2013-08-15,0,0,2
3016,76,2013-09-15,0,0,2
3017,76,2013-10-15,0,0,2
3018,76,2013-11-15,0,1,2
3019,76,2013-12-15,0,0,2
3020,76,2014-01-15,0,0,2
3021,76,2014-02-15,0,0,2
3022,76,2014-03-15,0,0,2
3023,76,2014-04-15,0,0,2
3024,76,2014-05-15,0,0,2
3025,76,2014-06-15,0,0,2
3026,76,2014-07-15,0,0,2
3027,76,2014-08-15,1,0,2
3028,76,2014-09-15,1,0,2
3029,76,2014-10-15,1,0,2
3030,76,2014-11-15,1,0,2
3031,76,2014-12-15,1,0,2
3032,76,2015-01-15,1,0,2
3033,76,2015-02-15,1,0,2
3034,76,2015-03-15,1,0,2
3035,76,2015-04-15,1,0,2
3036,76,2015-05-15,1,0,2
3037,76,2015-06-15,1,0,2
3038,76,2015-07-15,1,0,2
3039,76,2015-08-15,1,0,2
3040,76,2015-09-15,1,0,2
3041,77,2012-06-15,1,0,2
3042,77,2012-07-15,1,1,2
3043,77,2012-08-15,1,0,2
3044,77,2012-09-15,1,0,2
3045,77,2012-10-15,0.76,0,2
3046,77,2012-11-15,0.8819672131147541,1,2
3047,77,2012-12-15,1,0,2
3048,77,2013-01-15,1,0,2
3049,77,2013-02-15,1,0,2
3050,77,2013-03-15,1,0,2
3051,77,2013-04-15,0.6630434782608696,1,2
3052,77,2013-05-15,0.3369565217391305,1,2
3053,77,2013-06-15,0,0,2
3054,77,2013-07-15,0,0,2
3055,77,2013-08-15,0,0,2
3056,77,2013-09-15,0,0,2
3057,77,2013-10-15,0,0,2
3058,77,2013-11-15,0,1,2
3059,77,2013-12-15,0,0,2
3060,77,2014-01-15,0,0,2
3061,77,2014-02-15,0,0,2
3062,77,2014-03-15,0,0,2
3063,77,2014-04-15,0,0,2
3064,77,2014-05-15,1,0,2
3065,77,2014-06-15,1,0,2
3066,77,2014-07-15,1,0,2
3067,77,2014-08-15,1,0,2
3068,77,2014-09-15,0.76,0,2
3069,77,2014-10-15,1,0,2
3070,77,2014-11-15,1,0,2
3071,77,2014-12-15,1,0,2
3072,77,2015-01-15,1,0,2
3073,77,2015-02-15,1,0,2
3074,77,2015-03-15,1,0,2
3075,77,2015-04-15,1,0,2
3076,77,2015-05-15,1,0,2
3077,77,2015-06-15,1,0,2
3078,77,2015-07-15,1,0,2
3079,77,2015-08-15,0.5,0,2
3080,77,2015-09-15,1,0,2
